time,speed_rpm,current_main,current_aux,torque,temperature,ambient
0.09901,1174.56335018093,-28.5650031774339,-28.5650031774339,24.7667171564781,25.085417406798,25
0.19901,1254.8855795217,-23.7898874934698,-23.7898874934698,16.4257168615934,25.1203189725528,25
0.29901,1257.13546312887,-23.6736707531757,-23.6736707531757,16.3393553199569,25.1501640414438,25
0.39901,1257.16333100865,-23.671743323563,-23.671743323563,16.3381837610987,25.1799380155303,25
0.49901,1257.16369574014,-23.6717194017315,-23.6717194017315,16.3381685743299,25.2097034803535,25
0.59901,1257.16370045693,-23.6717190891622,-23.6717190891622,16.3381683777949,25.2394612503008,25
0.69901,1257.16370051808,-23.6717190851403,-23.6717190851403,16.3381683752505,25.2692113379036,25
0.79901,1257.16370051885,-23.6717190850664,-23.6717190850664,16.3381683752148,25.2989537452822,25
0.89901,1257.16370051888,-23.6717190850869,-23.6717190850869,16.338168375217,25.3286884744209,25
0.99901,1257.16370051886,-23.6717190850655,-23.6717190850655,16.3381683752142,25.3584155273017,25
1.09901,1257.16370051888,-23.6717190850867,-23.6717190850867,16.338168375217,25.3881349059062,25
1.19901,1257.16370051886,-23.6717190850651,-23.6717190850651,16.3381683752143,25.417846612216,25
1.29901,1257.16370051887,-23.6717190850864,-23.6717190850864,16.3381683752169,25.4475506482116,25
1.39901,1257.16370051886,-23.6717190850649,-23.6717190850649,16.3381683752142,25.477247015873,25
1.499,1257.19250843774,-23.6135382856059,-23.6135382856059,16.3945136603842,25.5069310426835,25
1.59901,1257.16370051886,-23.6717190850645,-23.6717190850645,16.3381683752142,25.5366167541115,25
1.69901,1257.16370051887,-23.6717190850858,-23.6717190850858,16.3381683752169,25.5662901286462,25
1.79901,1257.16370051885,-23.6717190850641,-23.6717190850641,16.3381683752141,25.5959558427626,25
1.89901,1257.16370051887,-23.6717190850855,-23.6717190850855,16.3381683752168,25.6256138984379,25
1.999,1257.19250843772,-23.6135382855838,-23.6135382855838,16.3945136603811,25.6552596258823,25
2.099,1257.19250843774,-23.613538285605,-23.613538285605,16.394513660384,25.6849023711517,25
2.19901,1257.16370051885,-23.6717190850635,-23.6717190850635,16.3381683752139,25.714542134586,25
2.29901,1257.16370051886,-23.6717190850849,-23.6717190850849,16.3381683752168,25.7441695762632,25
2.39901,1257.16370051885,-23.6717190850632,-23.6717190850632,16.3381683752139,25.7737893693796,25
2.499,1257.19250843773,-23.6135382856044,-23.6135382856044,16.3945136603839,25.8033968468686,25
2.599,1257.19250843772,-23.6135382855828,-23.6135382855828,16.3945136603808,25.8330013493315,25
2.69901,1257.16370051886,-23.6717190850842,-23.6717190850842,16.3381683752167,25.8626028771078,25
2.79901,1257.16370051884,-23.6717190850627,-23.6717190850627,16.3381683752138,25.892192095722,25
2.89901,1257.16370051886,-23.671719085084,-23.671719085084,16.3381683752167,25.9217736756433,25
2.999,1257.19250843772,-23.6135382855822,-23.6135382855822,16.3945136603808,25.9513429525242,25
3.099,1257.19250843773,-23.6135382856035,-23.6135382856035,16.3945136603838,25.9809092615188,25
3.19901,1257.16370051884,-23.671719085062,-23.671719085062,16.3381683752137,26.0104726029656,25
3.29901,1257.16370051885,-23.6717190850833,-23.6717190850833,16.3381683752167,26.0400236478292,25
3.39901,1257.16370051884,-23.6717190850616,-23.6717190850616,16.3381683752138,26.0695670638547,25
3.499,1257.19250843773,-23.6135382856028,-23.6135382856028,16.3945136603838,26.0990981894111,25
3.599,1257.19250843771,-23.6135382855811,-23.6135382855811,16.3945136603806,26.1286263542113,25
3.69901,1257.16370051885,-23.6717190850826,-23.6717190850826,16.3381683752165,26.1581515585935,25
3.79901,1257.16370051883,-23.6717190850609,-23.6717190850609,16.3381683752136,26.1876644789555,25
3.89901,1257.16370051885,-23.6717190850823,-23.6717190850823,16.3381683752165,26.2171697803214,25
3.999,1257.19250843771,-23.6135382855805,-23.6135382855805,16.3945136603805,26.2466628037731,25
4.09901,1257.16370051885,-23.671719085082,-23.671719085082,16.3381683752164,26.276157533932,25
4.19901,1257.16370051883,-23.6717190850603,-23.6717190850603,16.3381683752135,26.3056399901093,25
4.299,1257.19250843772,-23.6135382856016,-23.6135382856016,16.3945136603836,26.3351101758973,25
4.39901,1257.16370051883,-23.6717190850602,-23.6717190850602,16.3381683752135,26.3645820710338,25
4.49901,1257.16370051884,-23.6717190850815,-23.6717190850815,16.3381683752164,26.3940416997106,25
4.59901,1257.16370051883,-23.6717190850599,-23.6717190850599,16.3381683752134,26.4234937231491,25
4.69901,1257.16370051884,-23.6717190850813,-23.6717190850813,16.3381683752164,26.4529381433124,25
4.79901,1257.16370051883,-23.6717190850596,-23.6717190850596,16.3381683752134,26.4823749621634,25
4.89901,1257.16370051884,-23.671719085081,-23.671719085081,16.3381683752164,26.5118041816646,25
4.99901,1257.16370051882,-23.6717190850592,-23.6717190850592,16.3381683752133,26.5412258037779,25
5.09901,1257.16370051884,-23.6717190850806,-23.6717190850806,16.3381683752164,26.5706398304643,25
5.19901,1257.16370051882,-23.6717190850589,-23.6717190850589,16.3381683752133,26.6000462636851,25
5.29901,1257.16370051884,-23.6717190850804,-23.6717190850804,16.3381683752163,26.6294451054002,25
5.39901,1257.16370051882,-23.6717190850586,-23.6717190850586,16.3381683752133,26.6588363575696,25
5.49901,1257.16370051884,-23.6717190850801,-23.6717190850801,16.3381683752162,26.6882200221524,25
5.59901,1257.16370051882,-23.6717190850583,-23.6717190850583,16.3381683752133,26.7175961011077,25
5.69901,1257.16370051883,-23.6717190850797,-23.6717190850797,16.3381683752161,26.7469645963937,25
5.79901,1257.16370051882,-23.671719085058,-23.671719085058,16.3381683752132,26.776325509968,25
5.89901,1257.16370051883,-23.6717190850794,-23.6717190850794,16.3381683752162,26.8056788437882,25
5.99901,1257.16370051881,-23.6717190850579,-23.6717190850579,16.3381683752132,26.8350245998104,25
6.09901,1257.16370051883,-23.6717190850792,-23.6717190850792,16.3381683752161,26.8643627799917,25
6.19901,1257.16370051881,-23.6717190850576,-23.6717190850576,16.3381683752133,26.8936933862875,25
6.29901,1257.16370051883,-23.671719085079,-23.671719085079,16.338168375216,26.9230164206532,25
6.39901,1257.16370051881,-23.6717190850573,-23.6717190850573,16.3381683752133,26.9523318850433,25
6.49901,1257.16370051883,-23.6717190850787,-23.6717190850787,16.338168375216,26.9816397814122,25
6.59901,1257.16370051881,-23.671719085057,-23.671719085057,16.3381683752133,27.0109401117134,25
6.69901,1257.16370051882,-23.6717190850784,-23.6717190850784,16.338168375216,27.0402328779004,25
6.79901,1257.1637005188,-23.6717190850568,-23.6717190850568,16.3381683752133,27.0695180819259,25
6.89901,1257.16370051882,-23.6717190850782,-23.6717190850782,16.3381683752159,27.0987957257421,25
6.99901,1257.1637005188,-23.6717190850565,-23.6717190850565,16.3381683752133,27.1280658113008,25
7.09901,1257.16370051882,-23.6717190850779,-23.6717190850779,16.3381683752159,27.1573283405531,25
7.19901,1257.1637005188,-23.6717190850561,-23.6717190850561,16.3381683752133,27.18658331545,25
7.29901,1257.16370051882,-23.6717190850776,-23.6717190850776,16.3381683752159,27.2158307379416,25
7.39901,1257.1637005188,-23.6717190850559,-23.6717190850559,16.3381683752132,27.2450706099773,25
7.49901,1257.16370051881,-23.6717190850773,-23.6717190850773,16.3381683752159,27.2743029335066,25
7.59901,1257.16370051879,-23.6717190850557,-23.6717190850557,16.3381683752131,27.3035277104783,25
7.69901,1257.16370051881,-23.671719085077,-23.671719085077,16.3381683752159,27.3327449428403,25
7.79901,1257.16370051879,-23.6717190850553,-23.6717190850553,16.3381683752131,27.3619546325406,25
7.89901,1257.16370051881,-23.6717190850768,-23.6717190850768,16.3381683752159,27.3911567815263,25
7.99901,1257.16370051879,-23.671719085055,-23.671719085055,16.3381683752131,27.4203513917439,25
8.099,1257.19250843768,-23.6135382855963,-23.6135382855963,16.3945136603829,27.4495338263882,25
8.19901,1257.16370051879,-23.6717190850548,-23.6717190850548,16.3381683752131,27.4787180036596,25
8.29901,1257.16370051881,-23.6717190850762,-23.6717190850762,16.3381683752157,27.5078900092484,25
8.39901,1257.16370051879,-23.6717190850545,-23.6717190850545,16.338168375213,27.5370544838509,25
8.499,1257.19250843768,-23.6135382855957,-23.6135382855957,16.3945136603828,27.5662067928069,25
8.599,1257.19250843766,-23.6135382855741,-23.6135382855741,16.39451366038,27.5953562118056,25
8.69901,1257.1637005188,-23.6717190850756,-23.6717190850756,16.3381683752157,27.6245027411813,25
8.79901,1257.16370051878,-23.6717190850538,-23.6717190850538,16.338168375213,27.6536371112759,25
8.89901,1257.1637005188,-23.6717190850752,-23.6717190850752,16.3381683752157,27.6827639601004,25
8.999,1257.19250843765,-23.6135382855734,-23.6135382855734,16.3945136603799,27.7118786556717,25
9.099,1257.19250843767,-23.6135382855947,-23.6135382855947,16.3945136603827,27.7409904683157,25
9.19901,1257.16370051878,-23.6717190850531,-23.6717190850531,16.3381683752128,27.7700993983662,25
9.29901,1257.1637005188,-23.6717190850746,-23.6717190850746,16.3381683752155,27.7991961815214,25
9.39901,1257.16370051878,-23.6717190850528,-23.6717190850528,16.3381683752128,27.8282854531095,25
9.499,1257.19250843767,-23.6135382855941,-23.6135382855941,16.3945136603826,27.8573625838224,25
9.59901,1257.16370051878,-23.6717190850526,-23.6717190850526,16.3381683752127,27.8864414693411,25
9.69901,1257.16370051879,-23.6717190850739,-23.6717190850739,16.3381683752154,27.9155082178616,25
9.79901,1257.16370051877,-23.6717190850523,-23.6717190850523,16.3381683752126,27.9445674625685,25
9.89901,1257.16370051879,-23.6717190850736,-23.6717190850736,16.3381683752154,27.9736192053997,25
9.999,1257.19250843765,-23.6135382855719,-23.6135382855719,16.3945136603796,28.0026588197175,25
10.09901,1257.16370051879,-23.6717190850733,-23.6717190850733,16.3381683752153,28.0317001931797,25
10.19901,1257.16370051877,-23.6717190850517,-23.6717190850517,16.3381683752125,28.0607294420006,25
10.29901,1257.16370051879,-23.671719085073,-23.671719085073,16.3381683752152,28.0897511966891,25
10.39901,1257.16370051877,-23.6717190850514,-23.6717190850514,16.3381683752124,28.1187654591797,25
10.499,1257.19250843766,-23.6135382855924,-23.6135382855924,16.3945136603823,28.1477676055031,25
10.59901,1257.16370051877,-23.6717190850511,-23.6717190850511,16.3381683752125,28.1767715153043,25
10.69901,1257.16370051878,-23.6717190850723,-23.6717190850723,16.3381683752153,28.2057633128049,25
10.79901,1257.16370051877,-23.6717190850508,-23.6717190850508,16.3381683752125,28.2347476258414,25
10.89901,1257.16370051878,-23.6717190850721,-23.6717190850721,16.3381683752152,28.263724456346,25
10.999,1257.19250843764,-23.6135382855704,-23.6135382855704,16.3945136603794,28.2926891830131,25
11.09901,1257.16370051878,-23.6717190850718,-23.6717190850718,16.3381683752152,28.3216556774858,25
11.19901,1257.16370051876,-23.6717190850501,-23.6717190850501,16.3381683752123,28.3506100719831,25
11.29901,1257.16370051878,-23.6717190850714,-23.6717190850714,16.3381683752151,28.379556991672,25
11.39901,1257.16370051876,-23.6717190850497,-23.6717190850497,16.3381683752123,28.4084964384824,25
11.499,1257.19250843765,-23.6135382855911,-23.6135382855911,16.3945136603822,28.4374237937695,25
11.59901,1257.16370051876,-23.6717190850494,-23.6717190850494,16.3381683752122,28.4663529211843,25
11.69901,1257.16370051878,-23.6717190850709,-23.6717190850709,16.338168375215,28.4952699609324,25
11.79901,1257.16370051876,-23.6717190850492,-23.6717190850492,16.3381683752122,28.524179535516,25
11.89901,1257.16370051877,-23.6717190850706,-23.6717190850706,16.3381683752151,28.5530816468619,25
11.999,1257.19250843763,-23.6135382855687,-23.6135382855687,16.3945136603791,28.5819716789827,25
12.09901,1257.16370051877,-23.6717190850703,-23.6717190850703,16.3381683752149,28.6108634875475,25
12.19901,1257.16370051875,-23.6717190850485,-23.6717190850485,16.3381683752121,28.639743220739,25
12.29901,1257.16370051877,-23.67171908507,-23.67171908507,16.3381683752149,28.6686154983968,25
12.39901,1257.16370051875,-23.6717190850483,-23.6717190850483,16.3381683752121,28.6974803224456,25
12.499,1257.19250843764,-23.6135382855895,-23.6135382855895,16.394513660382,28.7263330795517,25
12.59901,1257.16370051875,-23.671719085048,-23.671719085048,16.3381683752121,28.7551876174123,25
12.69901,1257.16370051877,-23.6717190850693,-23.6717190850693,16.3381683752149,28.7840300921772,25
12.79901,1257.16370051875,-23.6717190850477,-23.6717190850477,16.3381683752121,28.812865121027,25
12.89901,1257.16370051876,-23.6717190850692,-23.6717190850692,16.3381683752149,28.841692705884,25
12.999,1257.19250843762,-23.6135382855674,-23.6135382855674,16.394513660379,28.8705082360645,25
13.09901,1257.16370051876,-23.6717190850689,-23.6717190850689,16.3381683752149,28.8993255513052,25
13.19901,1257.16370051874,-23.6717190850471,-23.6717190850471,16.338168375212,28.9281308157114,25
13.29901,1257.16370051876,-23.6717190850685,-23.6717190850685,16.3381683752149,28.9569286438086,25
13.39901,1257.16370051874,-23.6717190850469,-23.6717190850469,16.338168375212,28.9857190375166,25
13.499,1257.19250843763,-23.6135382855881,-23.6135382855881,16.394513660382,29.0144973887987,25
13.59901,1257.16370051874,-23.6717190850467,-23.6717190850467,16.338168375212,29.043277529441,25
13.69901,1257.16370051875,-23.671719085068,-23.671719085068,16.3381683752148,29.0720456314946,25
13.79901,1257.16370051874,-23.6717190850463,-23.6717190850463,16.3381683752119,29.1008063068331,25
13.89901,1257.16370051875,-23.6717190850678,-23.6717190850678,16.3381683752147,29.1295595573733,25
13.999,1257.19250843761,-23.613538285566,-23.613538285566,16.3945136603789,29.1583007777228,25
14.09901,1257.16370051875,-23.6717190850675,-23.6717190850675,16.3381683752147,29.1870437917267,25
14.19901,1257.16370051873,-23.6717190850457,-23.6717190850457,16.338168375212,29.2157747793718,25
14.29901,1257.16370051875,-23.6717190850672,-23.6717190850672,16.3381683752146,29.2444983498828,25
14.39901,1257.16370051873,-23.6717190850454,-23.6717190850454,16.338168375212,29.2732145051749,25
14.499,1257.19250843762,-23.6135382855867,-23.6135382855867,16.3945136603817,29.3019186424952,25
14.59901,1257.16370051873,-23.6717190850451,-23.6717190850451,16.338168375212,29.3306245777584,25
14.69901,1257.16370051874,-23.6717190850666,-23.6717190850666,16.3381683752147,29.3593184988769,25
14.79901,1257.16370051872,-23.6717190850449,-23.6717190850449,16.3381683752119,29.3880050124306,25
14.89901,1257.16370051874,-23.6717190850662,-23.6717190850662,16.3381683752146,29.4166841203317,25
14.999,1257.1925084376,-23.6135382855646,-23.6135382855646,16.3945136603788,29.4453512224643,25
15.09901,1257.16370051874,-23.6717190850659,-23.6717190850659,16.3381683752147,29.4740201268231,25
15.19901,1257.16370051872,-23.6717190850444,-23.6717190850444,16.3381683752118,29.5026770292356,25
15.29901,1257.16370051874,-23.6717190850655,-23.6717190850655,16.3381683752147,29.5313265336397,25
15.39901,1257.16370051872,-23.6717190850441,-23.6717190850441,16.3381683752117,29.5599686419457,25
15.499,1257.19250843761,-23.6135382855852,-23.6135382855852,16.3945136603816,29.5885987566706,25
15.59901,1257.16370051872,-23.6717190850438,-23.6717190850438,16.3381683752117,29.6172306778994,25
15.69901,1257.16370051873,-23.671719085065,-23.671719085065,16.3381683752146,29.6458506093645,25
15.79901,1257.16370051871,-23.6717190850435,-23.6717190850435,16.3381683752116,29.6744631523659,25
15.89901,1257.16370051873,-23.6717190850646,-23.6717190850646,16.3381683752145,29.7030683088107,25
15.999,1257.19250843759,-23.6135382855631,-23.6135382855631,16.3945136603786,29.7316614838463,25
16.09901,1257.16370051873,-23.6717190850644,-23.6717190850644,16.3381683752145,29.7602564696579,25
16.199,1257.19250843759,-23.6135382855629,-23.6135382855629,16.3945136603785,29.7888348821652,25
16.29901,1257.16370051873,-23.6717190850641,-23.6717190850641,16.3381683752145,29.8174151071556,25
16.39901,1257.16370051871,-23.6717190850426,-23.6717190850426,16.3381683752115,29.8459833594117,25
16.49901,1257.16370051872,-23.6717190850637,-23.6717190850637,16.3381683752144,29.8745442365455,25
16.59901,1257.16370051871,-23.6717190850422,-23.6717190850422,16.3381683752114,29.9030977404606,25
16.699,1257.1925084376,-23.6135382855832,-23.6135382855832,16.3945136603813,29.9316392799808,25
16.79901,1257.16370051871,-23.6717190850418,-23.6717190850418,16.3381683752113,29.9601826362488,25
16.89901,1257.16370051872,-23.6717190850632,-23.6717190850632,16.3381683752143,29.9887140319273,25
16.99901,1257.16370051871,-23.6717190850415,-23.6717190850415,16.3381683752113,30.0172380619981,25
17.09901,1257.16370051872,-23.671719085063,-23.671719085063,16.3381683752143,30.0457547283628,25
17.199,1257.19250843758,-23.6135382855612,-23.6135382855612,16.3945136603781,30.0742594424665,25
17.29901,1257.16370051872,-23.6717190850627,-23.6717190850627,16.3381683752142,30.1027659775771,25
17.39901,1257.1637005187,-23.6717190850408,-23.6717190850408,16.3381683752112,30.1312605642274,25
17.49901,1257.16370051872,-23.6717190850624,-23.6717190850624,16.3381683752141,30.1597477947727,25
17.59901,1257.1637005187,-23.6717190850405,-23.6717190850405,16.3381683752112,30.188227671112,25
17.699,1257.19250843759,-23.613538285582,-23.613538285582,16.3945136603812,30.2166956073089,25
17.79901,1257.1637005187,-23.6717190850403,-23.6717190850403,16.3381683752112,30.2451653687659,25
17.89901,1257.16370051871,-23.6717190850618,-23.6717190850618,16.3381683752141,30.2736231938762,25
17.99901,1257.1637005187,-23.67171908504,-23.67171908504,16.3381683752112,30.3020736723718,25
18.09901,1257.16370051871,-23.6717190850615,-23.6717190850615,16.3381683752141,30.3305168061492,25
18.199,1257.19250843757,-23.6135382855596,-23.6135382855596,16.394513660378,30.3589480118869,25
18.29901,1257.16370051871,-23.6717190850613,-23.6717190850613,16.3381683752141,30.387381047133,25
18.39901,1257.16370051869,-23.6717190850393,-23.6717190850393,16.3381683752111,30.4158021581304,25
18.49901,1257.16370051871,-23.6717190850609,-23.6717190850609,16.3381683752141,30.444215931991,25
18.59901,1257.16370051869,-23.671719085039,-23.671719085039,16.3381683752111,30.4726223706089,25
18.699,1257.19250843758,-23.6135382855805,-23.6135382855805,16.3945136603811,30.5010168932747,25
18.79901,1257.16370051869,-23.6717190850388,-23.6717190850388,16.3381683752111,30.5294132496911,25
18.89901,1257.1637005187,-23.6717190850603,-23.6717190850603,16.338168375214,30.5577976939411,25
18.99901,1257.16370051868,-23.6717190850385,-23.6717190850385,16.3381683752111,30.5861748105203,25
19.09901,1257.1637005187,-23.67171908506,-23.67171908506,16.3381683752139,30.6145446013202,25
19.19901,1257.16370051868,-23.6717190850382,-23.6717190850382,16.338168375211,30.6429070682319,25
19.29901,1257.1637005187,-23.6717190850596,-23.6717190850596,16.3381683752139,30.6712622131464,25
19.39901,1257.16370051868,-23.6717190850379,-23.6717190850379,16.3381683752109,30.6996100379539,25
19.49901,1257.1637005187,-23.6717190850593,-23.6717190850593,16.3381683752138,30.727950544544,25
19.59901,1257.16370051868,-23.6717190850376,-23.6717190850376,16.338168375211,30.7562837348059,25
19.69901,1257.16370051869,-23.6717190850591,-23.6717190850591,16.3381683752138,30.7846096106285,25
19.79901,1257.16370051868,-23.6717190850373,-23.6717190850373,16.338168375211,30.8129281738999,25
19.89901,1257.16370051869,-23.6717190850587,-23.6717190850587,16.3381683752137,30.8412394265084,25
19.99901,1257.16370051868,-23.6717190850369,-23.6717190850369,16.3381683752109,30.8695433703409,25
20.09901,1257.16370051869,-23.6717190850585,-23.6717190850585,16.3381683752137,30.8978400072842,25
20.19901,1257.16370051867,-23.6717190850367,-23.6717190850367,16.3381683752109,30.9261293392247,25
20.29901,1257.16370051869,-23.6717190850582,-23.6717190850582,16.3381683752137,30.9544113680483,25
20.39901,1257.16370051867,-23.6717190850364,-23.6717190850364,16.3381683752108,30.9826860956403,25
20.49901,1257.16370051869,-23.6717190850579,-23.6717190850579,16.3381683752137,31.0109535238858,25
20.59901,1257.16370051867,-23.6717190850361,-23.6717190850361,16.3381683752108,31.0392136546687,25
20.69901,1257.16370051869,-23.6717190850576,-23.6717190850576,16.3381683752136,31.0674664898732,25
20.79901,1257.16370051867,-23.6717190850358,-23.6717190850358,16.3381683752108,31.0957120313828,25
20.89901,1257.16370051868,-23.6717190850572,-23.6717190850572,16.3381683752135,31.1239502810805,25
20.99901,1257.16370051867,-23.6717190850354,-23.6717190850354,16.3381683752107,31.1521812408485,25
21.09901,1257.16370051868,-23.6717190850569,-23.6717190850569,16.3381683752135,31.1804049125685,25
21.19901,1257.16370051866,-23.6717190850352,-23.6717190850352,16.3381683752106,31.2086212981226,25
21.29901,1257.16370051868,-23.6717190850565,-23.6717190850565,16.3381683752134,31.2368303993913,25
21.39901,1257.16370051866,-23.6717190850349,-23.6717190850349,16.3381683752105,31.2650322182551,25
21.49901,1257.16370051868,-23.6717190850561,-23.6717190850561,16.3381683752133,31.2932267565943,25
21.59901,1257.16370051866,-23.6717190850345,-23.6717190850345,16.3381683752105,31.3214140162882,25
21.69901,1257.16370051868,-23.6717190850558,-23.6717190850558,16.3381683752134,31.3495939992159,25
21.79901,1257.16370051866,-23.6717190850343,-23.6717190850343,16.3381683752105,31.377766707256,25
21.89901,1257.16370051868,-23.6717190850556,-23.6717190850556,16.3381683752133,31.4059321422863,25
21.99901,1257.16370051866,-23.6717190850339,-23.6717190850339,16.3381683752104,31.4340903061849,25
22.09901,1257.16370051867,-23.6717190850553,-23.6717190850553,16.3381683752133,31.4622412008285,25
22.19901,1257.16370051866,-23.6717190850337,-23.6717190850337,16.3381683752104,31.4903848280938,25
22.29901,1257.16370051867,-23.671719085055,-23.671719085055,16.3381683752131,31.5185211898571,25
22.39901,1257.16370051865,-23.6717190850334,-23.6717190850334,16.3381683752104,31.546650287994,25
22.49901,1257.16370051867,-23.6717190850548,-23.6717190850548,16.3381683752132,31.5747721243797,25
22.59901,1257.16370051865,-23.6717190850331,-23.6717190850331,16.3381683752104,31.6028867008886,25
22.69901,1257.16370051867,-23.6717190850545,-23.6717190850545,16.3381683752132,31.630994019395,25
22.79901,1257.16370051865,-23.6717190850327,-23.6717190850327,16.3381683752103,31.6590940817727,25
22.89901,1257.16370051867,-23.6717190850541,-23.6717190850541,16.3381683752131,31.6871868898949,25
22.99901,1257.16370051865,-23.6717190850324,-23.6717190850324,16.3381683752103,31.7152724456344,25
23.09901,1257.16370051866,-23.6717190850538,-23.6717190850538,16.3381683752131,31.7433507508634,25
23.19901,1257.16370051865,-23.6717190850322,-23.6717190850322,16.3381683752102,31.7714218074536,25
23.29901,1257.16370051866,-23.6717190850535,-23.6717190850535,16.3381683752131,31.7994856172766,25
23.39901,1257.16370051864,-23.6717190850318,-23.6717190850318,16.3381683752101,31.827542182203,25
23.49901,1257.16370051866,-23.6717190850532,-23.6717190850532,16.338168375213,31.8555915041029,25
23.59901,1257.16370051864,-23.6717190850315,-23.6717190850315,16.3381683752101,31.8836335848463,25
23.69901,1257.16370051866,-23.6717190850529,-23.6717190850529,16.338168375213,31.9116684263027,25
23.79901,1257.16370051864,-23.6717190850312,-23.6717190850312,16.3381683752101,31.939696030341,25
23.89901,1257.16370051866,-23.6717190850526,-23.6717190850526,16.338168375213,31.9677163988294,25
23.99901,1257.16370051864,-23.6717190850309,-23.6717190850309,16.33816837521,31.995729533636,25
24.09901,1257.16370051865,-23.6717190850523,-23.6717190850523,16.3381683752129,32.0237354366283,25
24.19901,1257.16370051864,-23.6717190850305,-23.6717190850305,16.33816837521,32.0517341096732,25
24.29901,1257.16370051865,-23.6717190850521,-23.6717190850521,16.3381683752128,32.0797255546365,25
24.39901,1257.16370051863,-23.6717190850302,-23.6717190850302,16.3381683752101,32.107709773385,25
24.49901,1257.16370051865,-23.6717190850517,-23.6717190850517,16.3381683752128,32.1356867677838,25
24.59901,1257.16370051863,-23.67171908503,-23.67171908503,16.3381683752101,32.163656539698,25
24.69901,1257.16370051865,-23.6717190850514,-23.6717190850514,16.3381683752128,32.1916190909925,25
24.79901,1257.16370051863,-23.6717190850298,-23.6717190850298,16.3381683752101,32.2195744235315,25
24.89901,1257.16370051865,-23.6717190850511,-23.6717190850511,16.3381683752128,32.2475225391776,25
24.99901,1257.16370051863,-23.6717190850294,-23.6717190850294,16.33816837521,32.2754634397949,25
25.09901,1257.16370051865,-23.6717190850508,-23.6717190850508,16.3381683752127,32.3033971272455,25
25.19901,1257.16370051863,-23.6717190850292,-23.6717190850292,16.3381683752099,32.3313236033917,25
25.29901,1257.16370051864,-23.6717190850505,-23.6717190850505,16.3381683752127,32.3592428700946,25
25.39901,1257.16370051862,-23.6717190850288,-23.6717190850288,16.3381683752098,32.387154929216,25
25.49901,1257.16370051864,-23.6717190850503,-23.6717190850503,16.3381683752127,32.4150597826167,25
25.59901,1257.16370051862,-23.6717190850285,-23.6717190850285,16.3381683752098,32.4429574321564,25
25.69901,1257.16370051864,-23.67171908505,-23.67171908505,16.3381683752126,32.4708478796953,25
25.79901,1257.16370051862,-23.6717190850282,-23.6717190850282,16.3381683752097,32.4987311270927,25
25.89901,1257.16370051864,-23.6717190850496,-23.6717190850496,16.3381683752125,32.5266071762071,25
25.99901,1257.16370051862,-23.671719085028,-23.671719085028,16.3381683752097,32.5544760288965,25
26.09901,1257.16370051864,-23.6717190850494,-23.6717190850494,16.3381683752125,32.5823376870195,25
26.19901,1257.16370051862,-23.6717190850278,-23.6717190850278,16.3381683752097,32.6101921524327,25
26.29901,1257.16370051864,-23.6717190850491,-23.6717190850491,16.3381683752125,32.6380394269931,25
26.39901,1257.16370051862,-23.6717190850274,-23.6717190850274,16.3381683752096,32.6658795125574,25
26.49901,1257.16370051863,-23.6717190850488,-23.6717190850488,16.3381683752124,32.6937124109812,25
26.59901,1257.16370051861,-23.671719085027,-23.671719085027,16.3381683752096,32.7215381241198,25
26.69901,1257.16370051863,-23.6717190850484,-23.6717190850484,16.3381683752123,32.7493566538284,25
26.79901,1257.16370051861,-23.6717190850268,-23.6717190850268,16.3381683752095,32.7771680019619,25
26.89901,1257.16370051863,-23.6717190850483,-23.6717190850483,16.3381683752123,32.8049721703732,25
26.99901,1257.16370051861,-23.6717190850265,-23.6717190850265,16.3381683752095,32.8327691609165,25
27.09901,1257.16370051863,-23.671719085048,-23.671719085048,16.3381683752123,32.8605589754449,25
27.19901,1257.16370051861,-23.6717190850261,-23.6717190850261,16.3381683752095,32.8883416158106,25
27.29901,1257.16370051863,-23.6717190850477,-23.6717190850477,16.3381683752123,32.9161170838661,25
27.39901,1257.16370051861,-23.6717190850258,-23.6717190850258,16.3381683752094,32.9438853814626,25
27.49901,1257.16370051862,-23.6717190850474,-23.6717190850474,16.3381683752123,32.9716465104514,25
27.59901,1257.1637005186,-23.6717190850256,-23.6717190850256,16.3381683752094,32.9994004726831,25
27.69901,1257.16370051862,-23.6717190850471,-23.6717190850471,16.3381683752123,33.0271472700076,25
27.79901,1257.1637005186,-23.6717190850254,-23.6717190850254,16.3381683752093,33.0548869042748,25
27.89901,1257.16370051862,-23.6717190850467,-23.6717190850467,16.3381683752122,33.0826193773339,25
27.99901,1257.1637005186,-23.671719085025,-23.671719085025,16.3381683752093,33.1103446910332,25
28.09901,1257.16370051862,-23.6717190850465,-23.6717190850465,16.3381683752121,33.1380628472217,25
28.19901,1257.1637005186,-23.6717190850247,-23.6717190850247,16.3381683752093,33.1657738477472,25
28.29901,1257.16370051861,-23.6717190850462,-23.6717190850462,16.3381683752122,33.1934776944564,25
28.39901,1257.1637005186,-23.6717190850245,-23.6717190850245,16.3381683752093,33.2211743891965,25
28.49901,1257.16370051861,-23.6717190850459,-23.6717190850459,16.3381683752122,33.2488639338134,25
28.59901,1257.16370051859,-23.6717190850243,-23.6717190850243,16.3381683752093,33.2765463301531,25
28.69901,1257.16370051861,-23.6717190850455,-23.6717190850455,16.3381683752121,33.3042215800614,25
28.79901,1257.16370051859,-23.671719085024,-23.671719085024,16.3381683752092,33.3318896853829,25
28.89901,1257.16370051861,-23.6717190850452,-23.6717190850452,16.3381683752121,33.3595506479619,25
28.99901,1257.16370051859,-23.6717190850237,-23.6717190850237,16.3381683752092,33.3872044696427,25
29.09901,1257.16370051861,-23.671719085045,-23.671719085045,16.338168375212,33.4148511522688,25
29.19901,1257.16370051859,-23.6717190850234,-23.6717190850234,16.3381683752092,33.4424906976829,25
29.29901,1257.1637005186,-23.6717190850446,-23.6717190850446,16.338168375212,33.4701231077275,25
29.39901,1257.16370051858,-23.6717190850231,-23.6717190850231,16.3381683752091,33.4977483842446,25
29.49901,1257.1637005186,-23.6717190850443,-23.6717190850443,16.338168375212,33.5253665290764,25
29.59901,1257.16370051858,-23.6717190850227,-23.6717190850227,16.3381683752091,33.5529775440635,25
29.69901,1257.1637005186,-23.6717190850441,-23.6717190850441,16.338168375212,33.5805814310468,25
29.79901,1257.16370051858,-23.6717190850225,-23.6717190850225,16.3381683752091,33.608178191866,25
29.89901,1257.1637005186,-23.6717190850437,-23.6717190850437,16.338168375212,33.6357678283608,25
29.99901,1257.16370051858,-23.6717190850221,-23.6717190850221,16.3381683752091,33.6633503423708,25
30.09901,1257.16370051859,-23.6717190850434,-23.6717190850434,16.338168375212,33.6909257357346,25
30.19901,1257.16370051858,-23.6717190850219,-23.6717190850219,16.3381683752091,33.7184940102906,25
30.29901,1257.16370051859,-23.6717190850432,-23.6717190850432,16.3381683752119,33.7460551678759,25
30.39901,1257.16370051857,-23.6717190850216,-23.6717190850216,16.3381683752091,33.7736092103283,25
30.49901,1257.16370051859,-23.6717190850429,-23.6717190850429,16.3381683752119,33.8011561394848,25
30.59901,1257.16370051857,-23.6717190850214,-23.6717190850214,16.3381683752091,33.8286959571815,25
30.69901,1257.16370051859,-23.6717190850426,-23.6717190850426,16.3381683752119,33.8562286652548,25
30.79901,1257.16370051857,-23.6717190850211,-23.6717190850211,16.338168375209,33.883754265539,25
30.89901,1257.16370051858,-23.6717190850423,-23.6717190850423,16.3381683752118,33.9112727598699,25
30.99901,1257.16370051857,-23.6717190850208,-23.6717190850208,16.3381683752089,33.9387841500818,25
31.09901,1257.16370051858,-23.671719085042,-23.671719085042,16.3381683752118,33.9662884380085,25
31.19901,1257.16370051857,-23.6717190850205,-23.6717190850205,16.3381683752089,33.9937856254837,25
31.29901,1257.16370051858,-23.6717190850418,-23.6717190850418,16.3381683752118,34.0212757143403,25
31.39901,1257.16370051856,-23.6717190850203,-23.6717190850203,16.338168375209,34.0487587064109,25
31.49901,1257.16370051858,-23.6717190850415,-23.6717190850415,16.3381683752119,34.0762346035277,25
31.59901,1257.16370051856,-23.67171908502,-23.67171908502,16.338168375209,34.1037034075225,25
31.69901,1257.16370051857,-23.6717190850412,-23.6717190850412,16.3381683752119,34.1311651202261,25
31.79901,1257.16370051856,-23.6717190850197,-23.6717190850197,16.3381683752089,34.1586197434693,25
31.89901,1257.16370051857,-23.6717190850409,-23.6717190850409,16.3381683752118,34.1860672790819,25
31.99901,1257.16370051856,-23.6717190850193,-23.6717190850193,16.3381683752088,34.2135077288944,25
32.09901,1257.16370051857,-23.6717190850405,-23.6717190850405,16.3381683752117,34.2409410947356,25
32.19901,1257.16370051856,-23.671719085019,-23.671719085019,16.3381683752087,34.2683673784344,25
32.29901,1257.16370051857,-23.6717190850402,-23.6717190850402,16.3381683752117,34.2957865818191,25
32.399,1257.19250843743,-23.6135382855387,-23.6135382855387,16.3945136603755,34.3231941944437,25
32.499,1257.19250843744,-23.6135382855599,-23.6135382855599,16.3945136603785,34.3505992431872,25
32.59901,1257.16370051855,-23.6717190850184,-23.6717190850184,16.3381683752087,34.3780017283634,25
32.69901,1257.16370051857,-23.6717190850398,-23.6717190850398,16.3381683752116,34.4053926287652,25
32.79901,1257.16370051855,-23.6717190850181,-23.6717190850181,16.3381683752086,34.4327764579871,25
32.899,1257.19250843744,-23.6135382855593,-23.6135382855593,16.3945136603784,34.460148708101,25
32.999,1257.19250843742,-23.6135382855377,-23.6135382855377,16.3945136603754,34.4875184009436,25
33.09901,1257.16370051856,-23.6717190850391,-23.6717190850391,16.3381683752114,34.5148855368275,25
33.19901,1257.16370051855,-23.6717190850174,-23.6717190850174,16.3381683752086,34.5422410995809,25
33.29901,1257.16370051856,-23.6717190850389,-23.6717190850389,16.3381683752114,34.569589600277,25
33.399,1257.19250843742,-23.6135382855371,-23.6135382855371,16.3945136603754,34.5969265335029,25
33.499,1257.19250843743,-23.6135382855583,-23.6135382855583,16.3945136603783,34.6242609160574,25
33.59901,1257.16370051854,-23.6717190850168,-23.6717190850168,16.3381683752086,34.6515927482537,25
33.69901,1257.16370051856,-23.6717190850383,-23.6717190850383,16.3381683752114,34.6789130189489,25
33.79901,1257.16370051854,-23.6717190850165,-23.6717190850165,16.3381683752085,34.7062262366977,25
33.899,1257.19250843743,-23.6135382855578,-23.6135382855578,16.3945136603782,34.7335278985983,25
33.999,1257.19250843741,-23.6135382855361,-23.6135382855361,16.3945136603752,34.7608270164192,25
34.09901,1257.16370051856,-23.6717190850376,-23.6717190850376,16.3381683752113,34.7881235904744,25
34.19901,1257.16370051854,-23.6717190850158,-23.6717190850158,16.3381683752084,34.8154086146424,25
34.29901,1257.16370051855,-23.6717190850373,-23.6717190850373,16.3381683752112,34.8426865949641,25
34.399,1257.19250843741,-23.6135382855354,-23.6135382855354,16.3945136603751,34.8699530310439,25
34.499,1257.19250843743,-23.6135382855569,-23.6135382855569,16.394513660378,34.897216929628,25
34.59901,1257.16370051854,-23.6717190850152,-23.6717190850152,16.3381683752082,34.9244782910287,25
34.69901,1257.16370051855,-23.6717190850367,-23.6717190850367,16.3381683752111,34.9517281141419,25
34.79901,1257.16370051853,-23.6717190850149,-23.6717190850149,16.3381683752083,34.9789709024957,25
34.899,1257.19250843742,-23.6135382855562,-23.6135382855562,16.3945136603779,35.0062021582004,25
34.999,1257.1925084374,-23.6135382855345,-23.6135382855345,16.3945136603749,35.0334308829841,25
35.09901,1257.16370051855,-23.671719085036,-23.671719085036,16.338168375211,35.0606570771587,25
35.19901,1257.16370051853,-23.6717190850142,-23.6717190850142,16.3381683752081,35.0878717446312,25
35.29901,1257.16370051855,-23.6717190850356,-23.6717190850356,16.3381683752109,35.1150793864198,25
35.399,1257.1925084374,-23.6135382855338,-23.6135382855338,16.3945136603748,35.1422755071362,25
35.499,1257.19250843742,-23.6135382855551,-23.6135382855551,16.3945136603777,35.1694691034983,25
35.59901,1257.16370051853,-23.6717190850136,-23.6717190850136,16.3381683752081,35.1966601758174,25
35.69901,1257.16370051854,-23.6717190850349,-23.6717190850349,16.3381683752108,35.2238397330034,25
35.79901,1257.16370051852,-23.6717190850133,-23.6717190850133,16.3381683752081,35.2510122735697,25
35.899,1257.19250843741,-23.6135382855546,-23.6135382855546,16.3945136603777,35.2781733046264,25
35.999,1257.19250843739,-23.613538285533,-23.613538285533,16.3945136603748,35.3053318178871,25
36.09901,1257.16370051854,-23.6717190850344,-23.6717190850344,16.3381683752108,35.3324878136628,25
36.19901,1257.16370051852,-23.6717190850127,-23.6717190850127,16.338168375208,35.3596323058598,25
36.29901,1257.16370051853,-23.6717190850341,-23.6717190850341,16.3381683752108,35.3867697904893,25
36.399,1257.19250843739,-23.6135382855324,-23.6135382855324,16.3945136603747,35.4138957771562,25
36.499,1257.19250843741,-23.6135382855537,-23.6135382855537,16.3945136603776,35.4410192525765,25
36.59901,1257.16370051851,-23.671719085012,-23.671719085012,16.3381683752079,35.4681402170615,25
36.69901,1257.16370051853,-23.6717190850334,-23.6717190850334,16.3381683752107,35.4952496895076,25
36.79901,1257.16370051851,-23.6717190850117,-23.6717190850117,16.3381683752079,35.5223521634266,25
36.899,1257.1925084374,-23.6135382855531,-23.6135382855531,16.3945136603776,35.5494431509159,25
36.999,1257.19250843738,-23.6135382855313,-23.6135382855313,16.3945136603745,35.5765316336994,25
37.09901,1257.16370051853,-23.671719085033,-23.671719085033,16.3381683752107,35.6036176120882,25
37.19901,1257.16370051851,-23.671719085011,-23.671719085011,16.3381683752078,35.6306921099626,25
37.29901,1257.16370051852,-23.6717190850326,-23.6717190850326,16.3381683752107,35.6577596183388,25
37.399,1257.19250843738,-23.6135382855307,-23.6135382855307,16.3945136603745,35.6848156518027,25
37.499,1257.19250843739,-23.613538285552,-23.613538285552,16.3945136603775,35.7118691870943,25
37.59901,1257.1637005185,-23.6717190850104,-23.6717190850104,16.3381683752078,35.7389202245227,25
37.69901,1257.16370051852,-23.6717190850318,-23.6717190850318,16.3381683752106,35.7659597929472,25
37.79901,1257.1637005185,-23.6717190850101,-23.6717190850101,16.3381683752078,35.7929923808915,25
37.899,1257.19250843739,-23.6135382855514,-23.6135382855514,16.3945136603774,35.8200135054258,25
37.999,1257.19250843737,-23.6135382855299,-23.6135382855299,16.3945136603744,35.847032138312,25
38.09901,1257.16370051852,-23.6717190850312,-23.6717190850312,16.3381683752105,35.8740482798592,25
38.19901,1257.1637005185,-23.6717190850095,-23.6717190850095,16.3381683752077,35.9010529638975,25
38.29901,1257.16370051851,-23.671719085031,-23.671719085031,16.3381683752105,35.9280506764602,25
38.39901,1257.1637005185,-23.6717190850093,-23.6717190850093,16.3381683752076,35.9550414193483,25
38.499,1257.19250843739,-23.6135382855506,-23.6135382855506,16.3945136603774,35.9820207126095,25
38.59901,1257.16370051849,-23.6717190850089,-23.6717190850089,16.3381683752076,36.0090020032953,25
38.69901,1257.16370051851,-23.6717190850304,-23.6717190850304,16.3381683752105,36.0359718479517,25
38.79901,1257.16370051849,-23.6717190850087,-23.6717190850087,16.3381683752076,36.0629347301277,25
38.89901,1257.16370051851,-23.6717190850302,-23.6717190850302,16.3381683752104,36.08989065162,25
38.999,1257.19250843736,-23.6135382855283,-23.6135382855283,16.3945136603743,36.1168351349559,25
39.09901,1257.16370051851,-23.6717190850298,-23.6717190850298,16.3381683752104,36.143781619742,25
39.19901,1257.16370051849,-23.6717190850081,-23.6717190850081,16.3381683752076,36.1707166699644,25
39.29901,1257.16370051851,-23.6717190850295,-23.6717190850295,16.3381683752103,36.1976447666885,25
39.39901,1257.16370051849,-23.6717190850077,-23.6717190850077,16.3381683752074,36.2245659117094,25
39.499,1257.19250843738,-23.613538285549,-23.613538285549,16.3945136603771,36.2514756300292,25
39.59901,1257.16370051849,-23.6717190850073,-23.6717190850073,16.3381683752074,36.2783873538197,25
39.69901,1257.1637005185,-23.6717190850287,-23.6717190850287,16.3381683752102,36.3052876544967,25
39.79901,1257.16370051848,-23.671719085007,-23.671719085007,16.3381683752073,36.3321810106464,25
39.89901,1257.1637005185,-23.6717190850284,-23.6717190850284,16.3381683752101,36.3590674240612,25
39.999,1257.19250843736,-23.6135382855266,-23.6135382855266,16.3945136603739,36.385942422216,25
40.09901,1257.1637005185,-23.6717190850282,-23.6717190850282,16.33816837521,36.4128194298568,25
40.19901,1257.16370051848,-23.6717190850063,-23.6717190850063,16.3381683752072,36.4396850258196,25
40.29901,1257.1637005185,-23.6717190850279,-23.6717190850279,16.3381683752101,36.466543686215,25
40.39901,1257.16370051848,-23.671719085006,-23.671719085006,16.3381683752072,36.4933954128324,25
40.499,1257.19250843737,-23.6135382855475,-23.6135382855475,16.3945136603768,36.5202357356154,25
40.59901,1257.16370051848,-23.6717190850057,-23.6717190850057,16.3381683752072,36.5470780718942,25
40.69901,1257.16370051849,-23.6717190850272,-23.6717190850272,16.3381683752099,36.5739090079163,25
40.79901,1257.16370051847,-23.6717190850054,-23.6717190850054,16.3381683752071,36.6007330173186,25
40.89901,1257.16370051849,-23.6717190850269,-23.6717190850269,16.3381683752098,36.6275501018888,25
40.999,1257.19250843735,-23.613538285525,-23.613538285525,16.3945136603738,36.6543557940351,25
41.09901,1257.16370051849,-23.6717190850267,-23.6717190850267,16.3381683752098,36.6811635036819,25
41.19901,1257.16370051847,-23.6717190850049,-23.6717190850049,16.3381683752071,36.7079598244794,25
41.29901,1257.16370051849,-23.6717190850264,-23.6717190850264,16.3381683752098,36.7347492275931,25
41.39901,1257.16370051847,-23.6717190850046,-23.6717190850046,16.3381683752071,36.7615317148084,25
41.499,1257.19250843736,-23.613538285546,-23.613538285546,16.3945136603766,36.788302820996,25
41.59901,1257.16370051847,-23.6717190850042,-23.6717190850042,16.3381683752071,36.8150759486843,25
41.69901,1257.16370051848,-23.6717190850258,-23.6717190850258,16.3381683752098,36.8418376989149,25
41.79901,1257.16370051846,-23.671719085004,-23.671719085004,16.338168375207,36.8685925403863,25
41.89901,1257.16370051848,-23.6717190850255,-23.6717190850255,16.3381683752097,36.8953404748815,25
41.999,1257.19250843734,-23.6135382855237,-23.6135382855237,16.3945136603737,36.9220770397305,25
42.09901,1257.16370051848,-23.6717190850251,-23.6717190850251,16.3381683752096,36.9488156300756,25
42.19901,1257.16370051846,-23.6717190850034,-23.6717190850034,16.3381683752069,36.9755428543395,25
42.29901,1257.16370051848,-23.6717190850247,-23.6717190850247,16.3381683752095,37.0022631787573,25
42.39901,1257.16370051846,-23.671719085003,-23.671719085003,16.3381683752068,37.0289766051097,25
42.499,1257.19250843735,-23.6135382855444,-23.6135382855444,16.3945136603763,37.0556786731832,25
42.59901,1257.16370051846,-23.6717190850027,-23.6717190850027,16.3381683752068,37.0823827707421,25
42.69901,1257.16370051847,-23.6717190850242,-23.6717190850242,16.3381683752095,37.1090755135823,25
42.79901,1257.16370051846,-23.6717190850024,-23.6717190850024,16.3381683752067,37.1357613654777,25
42.89901,1257.16370051847,-23.671719085024,-23.671719085024,16.3381683752095,37.162440328207,25
42.999,1257.19250843733,-23.6135382855222,-23.6135382855222,16.3945136603734,37.1891079440103,25
43.09901,1257.16370051847,-23.6717190850237,-23.6717190850237,16.3381683752095,37.215777593283,25
43.19901,1257.16370051845,-23.6717190850019,-23.6717190850019,16.3381683752067,37.2424358991844,25
43.29901,1257.16370051847,-23.6717190850234,-23.6717190850234,16.3381683752094,37.2690873230314,25
43.39901,1257.16370051845,-23.6717190850017,-23.6717190850017,16.3381683752067,37.2957318666002,25
43.499,1257.19250843734,-23.6135382855431,-23.6135382855431,16.3945136603762,37.3223650745798,25
43.59901,1257.16370051845,-23.6717190850013,-23.6717190850013,16.3381683752065,37.3490003200082,25
43.69901,1257.16370051846,-23.6717190850229,-23.6717190850229,16.3381683752095,37.3756242333993,25
43.79901,1257.16370051845,-23.6717190850011,-23.6717190850011,16.3381683752065,37.4022412736139,25
43.89901,1257.16370051846,-23.6717190850226,-23.6717190850226,16.3381683752094,37.4288514424272,25
43.999,1257.19250843732,-23.6135382855208,-23.6135382855208,16.3945136603731,37.455450286974,25
44.09901,1257.16370051846,-23.6717190850223,-23.6717190850223,16.3381683752093,37.4820511729443,25
44.19901,1257.16370051844,-23.6717190850005,-23.6717190850005,16.3381683752064,37.5086407381949,25
44.29901,1257.16370051846,-23.671719085022,-23.671719085022,16.3381683752093,37.5352234391368,25
44.39901,1257.16370051844,-23.6717190850001,-23.6717190850001,16.3381683752064,37.5617992775421,25
44.499,1257.19250843733,-23.6135382855416,-23.6135382855416,16.3945136603759,37.5883638029894,25
44.59901,1257.16370051844,-23.671719085,-23.671719085,16.3381683752064,37.6149303738289,25
44.69901,1257.16370051846,-23.6717190850214,-23.6717190850214,16.3381683752092,37.6414856352525,25
44.79901,1257.16370051844,-23.6717190849997,-23.6717190849997,16.3381683752063,37.6680340412235,25
44.89901,1257.16370051845,-23.6717190850211,-23.6717190850211,16.3381683752092,37.6945755935113,25
44.999,1257.19250843731,-23.6135382855194,-23.6135382855194,16.3945136603729,37.7211058441352,25
45.09901,1257.16370051845,-23.6717190850207,-23.6717190850207,16.3381683752091,37.7476381441151,25
45.19901,1257.16370051843,-23.6717190849991,-23.6717190849991,16.3381683752062,37.7741591459687,25
45.29901,1257.16370051845,-23.6717190850205,-23.6717190850205,16.3381683752091,37.8006733012133,25
45.39901,1257.16370051843,-23.6717190849988,-23.6717190849988,16.3381683752062,37.8271806116168,25
45.499,1257.19250843732,-23.61353828554,-23.61353828554,16.3945136603759,37.8536766316356,25
45.59901,1257.16370051843,-23.6717190849986,-23.6717190849986,16.3381683752063,37.8801747049692,25
45.69901,1257.16370051845,-23.67171908502,-23.67171908502,16.3381683752091,37.9066614914506,25
45.79901,1257.16370051843,-23.6717190849983,-23.6717190849983,16.3381683752063,37.9331414401567,25
45.89901,1257.16370051844,-23.6717190850197,-23.6717190850197,16.3381683752091,37.9596145528527,25
45.999,1257.1925084373,-23.613538285518,-23.613538285518,16.3945136603728,37.986076386428,25
46.09901,1257.16370051844,-23.6717190850195,-23.6717190850195,16.3381683752091,38.0125402772722,25
46.19901,1257.16370051842,-23.6717190849978,-23.6717190849978,16.3381683752062,38.0389928925244,25
46.29901,1257.16370051844,-23.6717190850193,-23.6717190850193,16.3381683752091,38.0654386788225,25
46.39901,1257.16370051842,-23.6717190849975,-23.6717190849975,16.3381683752061,38.0918776379298,25
46.499,1257.19250843731,-23.6135382855388,-23.6135382855388,16.3945136603758,38.1183053291669,25
46.59901,1257.16370051842,-23.6717190849972,-23.6717190849972,16.3381683752061,38.1447350816213,25
46.69901,1257.16370051843,-23.6717190850187,-23.6717190850187,16.338168375209,38.1711535697292,25
46.79901,1257.16370051842,-23.671719084997,-23.671719084997,16.3381683752061,38.1975652376932,25
46.89901,1257.16370051843,-23.6717190850185,-23.6717190850185,16.3381683752091,38.2239700872743,25
46.999,1257.19250843729,-23.6135382855167,-23.6135382855167,16.3945136603727,38.2503636802207,25
47.09901,1257.16370051843,-23.6717190850182,-23.6717190850182,16.338168375209,38.2767593383277,25
47.19901,1257.16370051841,-23.6717190849965,-23.6717190849965,16.3381683752061,38.3031437433193,25
47.29901,1257.16370051843,-23.6717190850179,-23.6717190850179,16.3381683752089,38.329521336966,25
47.39901,1257.16370051841,-23.6717190849962,-23.6717190849962,16.3381683752061,38.3558921210262,25
47.499,1257.1925084373,-23.6135382855375,-23.6135382855375,16.3945136603756,38.3822516596726,25
47.59901,1257.16370051841,-23.6717190849959,-23.6717190849959,16.3381683752061,38.4086132674187,25
47.69901,1257.16370051842,-23.6717190850173,-23.6717190850173,16.3381683752088,38.4349636332656,25
47.79901,1257.1637005184,-23.6717190849957,-23.6717190849957,16.3381683752061,38.4613071965552,25
47.89901,1257.16370051842,-23.6717190850171,-23.6717190850171,16.3381683752088,38.4876439590434,25
47.999,1257.19250843728,-23.6135382855153,-23.6135382855153,16.3945136603726,38.5139694873243,25
48.09901,1257.16370051842,-23.6717190850167,-23.6717190850167,16.3381683752088,38.5402970886382,25
48.19901,1257.1637005184,-23.6717190849951,-23.6717190849951,16.3381683752059,38.5666134592546,25
48.29901,1257.16370051842,-23.6717190850165,-23.6717190850165,16.3381683752087,38.5929230360905,25
48.39901,1257.1637005184,-23.6717190849948,-23.6717190849948,16.3381683752059,38.6192258208988,25
48.499,1257.19250843729,-23.6135382855361,-23.6135382855361,16.3945136603754,38.6455173826922,25
48.59901,1257.1637005184,-23.6717190849945,-23.6717190849945,16.3381683752059,38.6718110214465,25
48.69901,1257.16370051841,-23.6717190850158,-23.6717190850158,16.3381683752086,38.6980934406915,25
48.79901,1257.1637005184,-23.6717190849941,-23.6717190849941,16.3381683752058,38.7243690749197,25
48.89901,1257.16370051841,-23.6717190850155,-23.6717190850155,16.3381683752086,38.7506379258835,25
48.999,1257.19250843727,-23.6135382855138,-23.6135382855138,16.3945136603723,38.7768955650099,25
49.09901,1257.16370051841,-23.6717190850151,-23.6717190850151,16.3381683752085,38.8031552850205,25
49.19901,1257.16370051839,-23.6717190849935,-23.6717190849935,16.3381683752057,38.8294037966951,25
49.29901,1257.16370051841,-23.6717190850149,-23.6717190850149,16.3381683752085,38.8556455321065,25
49.39901,1257.16370051839,-23.6717190849931,-23.6717190849931,16.3381683752056,38.8818804930044,25
49.499,1257.19250843728,-23.6135382855344,-23.6135382855344,16.3945136603751,38.9081042532286,25
49.59901,1257.16370051839,-23.6717190849927,-23.6717190849927,16.3381683752055,38.9343300982548,25
49.69901,1257.16370051841,-23.6717190850142,-23.6717190850142,16.3381683752083,38.9605447461037,25
49.79901,1257.16370051839,-23.6717190849924,-23.6717190849924,16.3381683752055,38.9867526264315,25
49.89901,1257.16370051841,-23.6717190850139,-23.6717190850139,16.3381683752083,39.0129537409855,25
49.999,1257.19250843726,-23.6135382855121,-23.6135382855121,16.394513660372,39.0391436660148,25
50.09901,1257.1637005184,-23.6717190850135,-23.6717190850135,16.3381683752082,39.06533567976,25
50.19901,1257.16370051839,-23.6717190849918,-23.6717190849918,16.3381683752053,39.0915165074716,25
50.29901,1257.1637005184,-23.6717190850132,-23.6717190850132,16.3381683752082,39.1176905763934,25
50.499,1257.19250843727,-23.6135382855329,-23.6135382855329,16.3945136603749,39.1700140217568,25
50.69901,1257.1637005184,-23.6717190850127,-23.6717190850127,16.3381683752081,39.2223192990744,25
50.89901,1257.1637005184,-23.6717190850124,-23.6717190850124,16.3381683752081,39.2745931530209,25
50.999,1257.19250843725,-23.6135382855106,-23.6135382855106,16.3945136603718,39.30071553856,25
51.09901,1257.16370051839,-23.6717190850121,-23.6717190850121,16.3381683752081,39.3268400206258,25
51.29901,1257.16370051839,-23.6717190850119,-23.6717190850119,16.338168375208,39.3790599158202,25
51.499,1257.19250843726,-23.6135382855315,-23.6135382855315,16.3945136603747,39.4312484342458,25
51.69901,1257.16370051839,-23.6717190850113,-23.6717190850113,16.338168375208,39.4834188446698,25
51.89901,1257.16370051838,-23.671719085011,-23.671719085011,16.338168375208,39.5355579061522,25
51.999,1257.19250843724,-23.6135382855093,-23.6135382855093,16.3945136603717,39.5616129263569,25
52.09901,1257.16370051838,-23.6717190850107,-23.6717190850107,16.3381683752079,39.5876700508792,25
52.29901,1257.16370051838,-23.6717190850104,-23.6717190850104,16.3381683752079,39.6397552927463,25
52.499,1257.19250843725,-23.61353828553,-23.61353828553,16.3945136603746,39.6918092321543,25
52.69901,1257.16370051838,-23.6717190850098,-23.6717190850098,16.3381683752079,39.74384512345,25
52.89901,1257.16370051837,-23.6717190850095,-23.6717190850095,16.3381683752079,39.7958497400416,25
52.999,1257.19250843723,-23.6135382855077,-23.6135382855077,16.3945136603715,39.8218375686191,25
53.09901,1257.16370051837,-23.671719085009,-23.671719085009,16.3381683752078,39.8478275092848,25
53.29901,1257.16370051837,-23.6717190850088,-23.6717190850088,16.3381683752077,39.8997784450397,25
53.499,1257.19250843724,-23.6135382855284,-23.6135382855284,16.3945136603744,39.9516981524524,25
53.69901,1257.16370051837,-23.6717190850082,-23.6717190850082,16.3381683752076,40.0035998714887,25
53.89901,1257.16370051837,-23.6717190850079,-23.6717190850079,16.3381683752076,40.0554703898668,25
53.999,1257.19250843722,-23.6135382855062,-23.6135382855062,16.3945136603713,40.0813912000764,25
54.09901,1257.16370051836,-23.6717190850076,-23.6717190850076,16.3381683752076,40.107314130125,25
54.29901,1257.16370051836,-23.6717190850072,-23.6717190850072,16.3381683752076,40.1591311060868,25
54.499,1257.19250843723,-23.6135382855269,-23.6135382855269,16.3945136603742,40.210916927633,25
54.69901,1257.16370051836,-23.6717190850066,-23.6717190850066,16.3381683752075,40.2626848203848,25
54.89901,1257.16370051836,-23.6717190850063,-23.6717190850063,16.3381683752076,40.3144215863325,25
54.999,1257.19250843721,-23.6135382855047,-23.6135382855047,16.3945136603711,40.3402755509862,25
55.09901,1257.16370051835,-23.671719085006,-23.671719085006,16.3381683752075,40.36613164321,25
55.29901,1257.16370051835,-23.6717190850056,-23.6717190850056,16.3381683752074,40.4178150048055,25
55.499,1257.19250843722,-23.6135382855253,-23.6135382855253,16.394513660374,40.4694672857211,25
55.69901,1257.16370051835,-23.671719085005,-23.671719085005,16.3381683752072,40.5211016972693,25
55.89901,1257.16370051835,-23.6717190850047,-23.6717190850047,16.3381683752071,40.5727050556791,25
55.999,1257.1925084372,-23.6135382855032,-23.6135382855032,16.3945136603709,40.5984923471442,25
56.09901,1257.16370051835,-23.6717190850044,-23.6717190850044,16.3381683752071,40.6242817738903,25
56.29901,1257.16370051834,-23.6717190850041,-23.6717190850041,16.338168375207,40.6758318656548,25
56.499,1257.19250843722,-23.6135382855237,-23.6135382855237,16.3945136603737,40.7273509502852,25
56.69901,1257.16370051834,-23.6717190850035,-23.6717190850035,16.338168375207,40.7788522248227,25
56.89901,1257.16370051834,-23.6717190850032,-23.6717190850032,16.338168375207,40.8303225196964,25
56.999,1257.19250843719,-23.6135382855015,-23.6135382855015,16.3945136603707,40.856043309895,25
57.09901,1257.16370051834,-23.6717190850029,-23.6717190850029,16.3381683752069,40.8817662430651,25
57.29901,1257.16370051833,-23.6717190850026,-23.6717190850026,16.3381683752069,40.9331834086469,25
57.499,1257.1925084372,-23.6135382855222,-23.6135382855222,16.3945136603736,40.9845696404497,25
57.69901,1257.16370051833,-23.671719085002,-23.671719085002,16.338168375207,41.035938121282,25
57.89901,1257.16370051833,-23.6717190850017,-23.6717190850017,16.3381683752069,41.087275695735,25
57.999,1257.19250843718,-23.6135382855002,-23.6135382855002,16.3945136603705,41.1129301561458,25
58.09901,1257.16370051832,-23.6717190850015,-23.6717190850015,16.3381683752068,41.1385867672,25
58.29901,1257.16370051832,-23.6717190850011,-23.6717190850011,16.3381683752068,41.1898713493588,25
58.499,1257.1925084372,-23.6135382855208,-23.6135382855208,16.3945136603734,41.2411250709065,25
58.69901,1257.16370051832,-23.6717190850006,-23.6717190850006,16.3381683752067,41.292361100453,25
58.89901,1257.16370051832,-23.6717190850003,-23.6717190850003,16.3381683752067,41.3435662967162,25
58.999,1257.19250843717,-23.6135382854985,-23.6135382854985,16.3945136603704,41.3691545983766,25
59.09901,1257.16370051832,-23.671719085,-23.671719085,16.3381683752066,41.3947450583315,25
59.29901,1257.16370051832,-23.6717190849996,-23.6717190849996,16.3381683752065,41.445897398945,25
59.499,1257.19250843719,-23.6135382855191,-23.6135382855191,16.3945136603731,41.4970189519254,25
59.69901,1257.16370051831,-23.671719084999,-23.671719084999,16.3381683752066,41.5481228717212,25
59.89901,1257.16370051831,-23.6717190849987,-23.6717190849987,16.3381683752065,41.5991960311422,25
59.999,1257.19250843717,-23.613538285497,-23.613538285497,16.3945136603701,41.6247183446481,25
60.09901,1257.16370051831,-23.6717190849984,-23.6717190849984,16.3381683752065,41.6502428240794,25
60.29901,1257.1637005183,-23.6717190849981,-23.6717190849981,16.3381683752065,41.7012632641442,25
60.499,1257.19250843717,-23.6135382855178,-23.6135382855178,16.3945136603732,41.752252989365,25
60.69901,1257.1637005183,-23.6717190849976,-23.6717190849976,16.3381683752065,41.8032251400673,25
60.89901,1257.1637005183,-23.6717190849972,-23.6717190849972,16.3381683752064,41.8541666031145,25
60.999,1257.19250843715,-23.6135382854956,-23.6135382854956,16.3945136603701,41.879623098621,25
61.09901,1257.16370051829,-23.6717190849968,-23.6717190849968,16.3381683752064,41.9050817676653,25
61.29901,1257.16370051829,-23.6717190849966,-23.6717190849966,16.3381683752063,41.9559706472974,25
61.499,1257.19250843716,-23.6135382855161,-23.6135382855161,16.3945136603729,42.0068288846887,25
61.69901,1257.16370051829,-23.6717190849959,-23.6717190849959,16.3381683752063,42.0576696060749,25
61.89901,1257.16370051829,-23.6717190849956,-23.6717190849956,16.3381683752062,42.108479712338,25
61.999,1257.19250843715,-23.6135382854941,-23.6135382854941,16.3945136603698,42.133870559563,25
62.09901,1257.16370051829,-23.6717190849954,-23.6717190849954,16.3381683752062,42.1592635879182,25
62.29901,1257.16370051828,-23.6717190849951,-23.6717190849951,16.3381683752062,42.2100212463577,25
62.499,1257.19250843715,-23.6135382855147,-23.6135382855147,16.3945136603727,42.2607483349708,25
62.69901,1257.16370051828,-23.6717190849945,-23.6717190849945,16.338168375206,42.3114579659427,25
62.89901,1257.16370051828,-23.6717190849941,-23.6717190849941,16.338168375206,42.3621370541371,25
62.999,1257.19250843714,-23.6135382854926,-23.6135382854926,16.3945136603696,42.3874624223605,25
63.09901,1257.16370051828,-23.6717190849938,-23.6717190849938,16.3381683752059,42.4127899792864,25
63.29901,1257.16370051827,-23.6717190849934,-23.6717190849934,16.338168375206,42.4634167548966,25
63.499,1257.19250843715,-23.6135382855131,-23.6135382855131,16.3945136603725,42.5140130329092,25
63.69901,1257.16370051827,-23.6717190849929,-23.6717190849929,16.3381683752059,42.5645919114935,25
63.89901,1257.16370051827,-23.6717190849925,-23.6717190849925,16.3381683752058,42.6151403194588,25
63.999,1257.19250843713,-23.613538285491,-23.613538285491,16.3945136603693,42.6404003775226,25
64.09901,1257.16370051827,-23.6717190849922,-23.6717190849922,16.3381683752058,42.6656626318424,25
64.299,1257.19250843714,-23.6135382855119,-23.6135382855119,16.3945136603723,42.7161545042767,25
64.49901,1257.16370051826,-23.6717190849916,-23.6717190849916,16.3381683752058,42.7666290237454,25
64.69901,1257.16370051826,-23.6717190849914,-23.6717190849914,16.3381683752057,42.8170731301877,25
64.799,1257.19250843712,-23.6135382854899,-23.6135382854899,16.3945136603691,42.8422810613988,25
64.89901,1257.16370051826,-23.6717190849911,-23.6717190849911,16.3381683752056,42.867491194894,25
65.09901,1257.16370051826,-23.6717190849908,-23.6717190849908,16.3381683752055,42.9178832313088,25
65.299,1257.19250843713,-23.6135382855104,-23.6135382855104,16.3945136603721,42.9682448996673,25
65.49901,1257.16370051826,-23.6717190849904,-23.6717190849904,16.3381683752056,43.0185892730037,25
65.69901,1257.16370051825,-23.67171908499,-23.67171908499,16.3381683752055,43.0689033051377,25
65.799,1257.19250843711,-23.6135382854884,-23.6135382854884,16.394513660369,43.094046229011,25
65.89901,1257.16370051825,-23.6717190849898,-23.6717190849898,16.3381683752054,43.119191362687,25
66.09901,1257.16370051825,-23.6717190849895,-23.6717190849895,16.3381683752054,43.1694534590596,25
66.299,1257.19250843712,-23.6135382855091,-23.6135382855091,16.3945136603719,43.2196852590849,25
66.49901,1257.16370051824,-23.6717190849889,-23.6717190849889,16.3381683752054,43.2698998218808,25
66.69901,1257.16370051824,-23.6717190849885,-23.6717190849885,16.3381683752053,43.3200841151136,25
66.799,1257.1925084371,-23.6135382854869,-23.6135382854869,16.3945136603689,43.3451621992753,25
66.89901,1257.16370051824,-23.6717190849883,-23.6717190849883,16.3381683752053,43.3702425007387,25
67.299,1257.19250843711,-23.6135382855077,-23.6135382855077,16.3945136603718,43.4704772586983,25
67.799,1257.19250843709,-23.6135382854855,-23.6135382854855,16.3945136603687,43.5956306462,25
68.299,1257.1925084371,-23.6135382855062,-23.6135382855062,16.3945136603716,43.7206225703585,25
68.799,1257.19250843708,-23.6135382854841,-23.6135382854841,16.3945136603685,43.8454532394801,25
69.299,1257.19250843709,-23.6135382855048,-23.6135382855048,16.3945136603714,43.9701228616034,25
69.799,1257.19250843707,-23.6135382854827,-23.6135382854827,16.3945136603684,44.0946316444995,25
70.299,1257.19250843708,-23.6135382855034,-23.6135382855034,16.3945136603711,44.2189797956709,25
70.799,1257.19250843706,-23.6135382854813,-23.6135382854813,16.3945136603682,44.3431675223525,25
71.299,1257.19250843708,-23.6135382855019,-23.6135382855019,16.394513660371,44.4671950315125,25
71.799,1257.19250843705,-23.6135382854797,-23.6135382854797,16.394513660368,44.5910625298501,25
72.299,1257.19250843707,-23.6135382855004,-23.6135382855004,16.3945136603708,44.7147702237999,25
72.799,1257.19250843704,-23.6135382854782,-23.6135382854782,16.3945136603679,44.8383183195276,25
73.299,1257.19250843706,-23.6135382854988,-23.6135382854988,16.3945136603705,44.9617070229368,25
73.799,1257.19250843704,-23.6135382854766,-23.6135382854766,16.3945136603675,45.0849365396612,25
74.299,1257.19250843705,-23.6135382854973,-23.6135382854973,16.3945136603704,45.2080070750725,25
74.799,1257.19250843703,-23.6135382854751,-23.6135382854751,16.3945136603674,45.3309188342766,25
75.299,1257.19250843704,-23.6135382854959,-23.6135382854959,16.3945136603701,45.4536720221134,25
75.799,1257.19250843701,-23.6135382854737,-23.6135382854737,16.3945136603672,45.5762668431618,25
76.299,1257.19250843703,-23.6135382854942,-23.6135382854942,16.39451366037,45.6987035017325,25
100.099,1257.1925084368,-23.6135382854583,-23.6135382854583,16.3945136603656,51.3475892996226,25
100.199,1257.19250843678,-23.6135382854367,-23.6135382854367,16.3945136603625,51.3705993648231,25
100.299,1257.19250843679,-23.613538285458,-23.613538285458,16.3945136603655,51.3936034897916,25
100.399,1257.19250843678,-23.6135382854365,-23.6135382854365,16.3945136603626,51.4166016760612,25
100.599,1257.19250843677,-23.6135382854362,-23.6135382854362,16.3945136603626,51.4625802386372,25
100.699,1257.19250843679,-23.6135382854574,-23.6135382854574,16.3945136603655,51.4855606180083,25
100.799,1257.19250843677,-23.6135382854358,-23.6135382854358,16.3945136603625,51.5085350648113,25
100.899,1257.19250843679,-23.6135382854571,-23.6135382854571,16.3945136603654,51.5315035805774,25
101.099,1257.19250843679,-23.6135382854568,-23.6135382854568,16.3945136603654,51.5774228251224,25
101.199,1257.19250843677,-23.6135382854352,-23.6135382854352,16.3945136603623,51.6003735569627,25
101.299,1257.19250843679,-23.6135382854564,-23.6135382854564,16.3945136603653,51.623318363889,25
101.399,1257.19250843677,-23.6135382854348,-23.6135382854348,16.3945136603622,51.6462572474295,25
101.599,1257.19250843677,-23.6135382854345,-23.6135382854345,16.3945136603623,51.6921172504714,25
101.699,1257.19250843678,-23.6135382854559,-23.6135382854559,16.3945136603652,51.7150383730297,25
101.799,1257.19250843676,-23.6135382854342,-23.6135382854342,16.3945136603623,51.7379535783173,25
101.899,1257.19250843678,-23.6135382854557,-23.6135382854557,16.3945136603652,51.7608628678616,25
102.099,1257.19250843678,-23.6135382854554,-23.6135382854554,16.3945136603652,51.8066637058294,25
102.199,1257.19250843676,-23.6135382854336,-23.6135382854336,16.3945136603622,51.8295552573061,25
102.299,1257.19250843678,-23.6135382854551,-23.6135382854551,16.3945136603652,51.8524408991459,25
102.399,1257.19250843676,-23.6135382854333,-23.6135382854333,16.394513660362,51.8753206328744,25
102.599,1257.19250843676,-23.613538285433,-23.613538285433,16.3945136603621,51.9210623820985,25
102.699,1257.19250843677,-23.6135382854545,-23.6135382854545,16.3945136603651,51.943924400643,25
102.799,1257.19250843675,-23.6135382854326,-23.6135382854326,16.394513660362,51.9667805171754,25
102.899,1257.19250843677,-23.6135382854541,-23.6135382854541,16.394513660365,51.9896307332185,25
103.099,1257.19250843677,-23.6135382854537,-23.6135382854537,16.394513660365,52.0353134699302,25
103.199,1257.19250843675,-23.613538285432,-23.613538285432,16.3945136603618,52.0581459936445,25
103.299,1257.19250843677,-23.6135382854535,-23.6135382854535,16.394513660365,52.0809726229604,25
103.399,1257.19250843675,-23.6135382854318,-23.6135382854318,16.3945136603619,52.1037933593994,25
103.599,1257.19250843675,-23.6135382854315,-23.6135382854315,16.3945136603619,52.1494171597319,25
103.699,1257.19250843676,-23.6135382854529,-23.6135382854529,16.394513660365,52.1722202266672,25
103.799,1257.19250843674,-23.6135382854312,-23.6135382854312,16.3945136603619,52.1950174068084,25
103.899,1257.19250843676,-23.6135382854526,-23.6135382854526,16.3945136603649,52.2178087016761,25
104.099,1257.19250843675,-23.6135382854524,-23.6135382854524,16.3945136603649,52.2633736416651,25
104.199,1257.19250843674,-23.6135382854307,-23.6135382854307,16.3945136603619,52.2861472898249,25
104.299,1257.19250843675,-23.6135382854521,-23.6135382854521,16.3945136603649,52.3089150587855,25
104.399,1257.19250843674,-23.6135382854305,-23.6135382854305,16.3945136603619,52.3316769500647,25
104.599,1257.19250843674,-23.6135382854301,-23.6135382854301,16.3945136603618,52.3771831056478,25
104.699,1257.19250843675,-23.6135382854513,-23.6135382854513,16.3945136603648,52.3999273729852,25
104.799,1257.19250843673,-23.6135382854298,-23.6135382854298,16.3945136603616,52.4226657687085,25
104.899,1257.19250843675,-23.6135382854509,-23.6135382854509,16.3945136603648,52.4453982943333,25
105.099,1257.19250843675,-23.6135382854507,-23.6135382854507,16.3945136603647,52.4908457413493,25
105.199,1257.19250843673,-23.6135382854292,-23.6135382854292,16.3945136603617,52.51356066577,25
105.299,1257.19250843674,-23.6135382854503,-23.6135382854503,16.3945136603647,52.5362697261513,25
105.399,1257.19250843673,-23.6135382854289,-23.6135382854289,16.3945136603617,52.5589729240073,25
105.599,1257.19250843673,-23.6135382854286,-23.6135382854286,16.3945136603617,52.6043617381975,25
105.699,1257.19250843674,-23.6135382854497,-23.6135382854497,16.3945136603646,52.6270473575572,25
105.799,1257.19250843672,-23.6135382854284,-23.6135382854284,16.3945136603616,52.6497271204428,25
105.899,1257.19250843674,-23.6135382854495,-23.6135382854495,16.3945136603646,52.6724010283665,25
106.099,1257.19250843674,-23.6135382854492,-23.6135382854492,16.3945136603645,52.7177312853742,25
106.199,1257.19250843672,-23.6135382854277,-23.6135382854277,16.3945136603616,52.7403876374799,25
106.299,1257.19250843673,-23.6135382854489,-23.6135382854489,16.3945136603644,52.7630381406671,25
106.399,1257.19250843672,-23.6135382854274,-23.6135382854274,16.3945136603615,52.7856827964462,25
106.599,1257.19250843672,-23.6135382854271,-23.6135382854271,16.3945136603614,52.8309545718176,25
106.699,1257.19250843673,-23.6135382854483,-23.6135382854483,16.3945136603644,52.8535816944276,25
106.799,1257.19250843671,-23.6135382854268,-23.6135382854268,16.3945136603614,52.8762029756657,25
106.899,1257.19250843673,-23.613538285448,-23.613538285448,16.3945136603644,52.8988184170388,25
107.099,1257.19250843673,-23.6135382854476,-23.6135382854476,16.3945136603644,52.944031786222,25
107.199,1257.19250843671,-23.6135382854262,-23.6135382854262,16.3945136603613,52.9666297170466,25
107.299,1257.19250843673,-23.6135382854474,-23.6135382854474,16.3945136603642,52.9892218140346,25
107.399,1257.19250843671,-23.613538285426,-23.613538285426,16.3945136603612,53.0118080786926,25
107.599,1257.19250843671,-23.6135382854257,-23.6135382854257,16.3945136603612,53.0569631170394,25
107.699,1257.19250843672,-23.6135382854467,-23.6135382854467,16.3945136603642,53.0795318937387,25
107.799,1257.19250843671,-23.6135382854254,-23.6135382854254,16.3945136603611,53.1020948441282,25
107.899,1257.19250843672,-23.6135382854465,-23.6135382854465,16.3945136603642,53.1246519697116,25
108.099,1257.19250843672,-23.6135382854463,-23.6135382854463,16.3945136603641,53.1697487524758,25
108.199,1257.1925084367,-23.6135382854247,-23.6135382854247,16.394513660361,53.1922884126628,25
108.299,1257.19250843672,-23.613538285446,-23.613538285446,16.3945136603641,53.2148222540564,25
108.399,1257.1925084367,-23.6135382854244,-23.6135382854244,16.394513660361,53.237350278159,25
108.599,1257.1925084367,-23.6135382854242,-23.6135382854242,16.394513660361,53.282388880497,25
108.699,1257.19250843671,-23.6135382854455,-23.6135382854455,16.394513660364,53.3048994617356,25
108.799,1257.1925084367,-23.6135382854239,-23.6135382854239,16.394513660361,53.3274042316876,25
108.899,1257.19250843671,-23.6135382854453,-23.6135382854453,16.394513660364,53.3499031918533,25
109.099,1257.19250843671,-23.6135382854449,-23.6135382854449,16.3945136603639,53.3948836888261,25
109.199,1257.19250843669,-23.6135382854233,-23.6135382854233,16.3945136603608,53.4173652286315,25
109.299,1257.19250843671,-23.6135382854447,-23.6135382854447,16.3945136603639,53.4398409646479,25
109.399,1257.19250843669,-23.613538285423,-23.613538285423,16.3945136603608,53.4623108983737,25
109.599,1257.19250843669,-23.6135382854227,-23.6135382854227,16.3945136603608,53.5072333649434,25
109.699,1257.1925084367,-23.6135382854442,-23.6135382854442,16.3945136603638,53.5296859007825,25
109.799,1257.19250843668,-23.6135382854224,-23.6135382854224,16.3945136603608,53.5521326403206,25
109.899,1257.1925084367,-23.6135382854438,-23.6135382854438,16.3945136603638,53.5745735850534,25
110.099,1257.1925084367,-23.6135382854435,-23.6135382854435,16.3945136603636,53.6194380960878,25
110.199,1257.19250843668,-23.6135382854217,-23.6135382854217,16.3945136603608,53.6418616653796,25
110.299,1257.1925084367,-23.6135382854432,-23.6135382854432,16.3945136603636,53.6642794458482,25
110.399,1257.19250843668,-23.6135382854214,-23.6135382854214,16.3945136603607,53.6866914389873,25
110.599,1257.19250843668,-23.6135382854211,-23.6135382854211,16.3945136603607,53.731498069255,25
110.699,1257.1925084367,-23.6135382854426,-23.6135382854426,16.3945136603634,53.7538927093703,25
110.799,1257.19250843668,-23.6135382854208,-23.6135382854208,16.3945136603607,53.7762815681298,25
110.899,1257.1925084367,-23.6135382854423,-23.6135382854423,16.3945136603634,53.7986646470269,25
111.099,1257.19250843669,-23.613538285442,-23.613538285442,16.3945136603633,53.8434134712016,25
111.199,1257.19250843667,-23.6135382854202,-23.6135382854202,16.3945136603605,53.865779219462,25
111.299,1257.19250843669,-23.6135382854417,-23.6135382854417,16.3945136603633,53.8881391938259,25
111.399,1257.19250843667,-23.6135382854199,-23.6135382854199,16.3945136603605,53.9104933957835,25
111.599,1257.19250843667,-23.6135382854197,-23.6135382854197,16.3945136603605,53.9551844884418,25
111.699,1257.19250843669,-23.613538285441,-23.613538285441,16.3945136603632,53.9775213821214,25
111.799,1257.19250843667,-23.6135382854193,-23.6135382854193,16.3945136603604,53.9998525093538,25
111.899,1257.19250843669,-23.6135382854406,-23.6135382854406,16.3945136603632,54.0221778716271,25
112.099,1257.19250843669,-23.6135382854403,-23.6135382854403,16.3945136603631,54.0668113072503,25
112.199,1257.19250843666,-23.6135382854187,-23.6135382854187,16.3945136603604,54.0891193835753,25
112.299,1257.19250843669,-23.61353828544,-23.61353828544,16.3945136603631,54.1114217008925,25
112.399,1257.19250843666,-23.6135382854184,-23.6135382854184,16.3945136603604,54.1337182606884,25
112.599,1257.19250843666,-23.613538285418,-23.613538285418,16.3945136603603,54.1782941136611,25
112.699,1257.19250843668,-23.6135382854393,-23.6135382854393,16.394513660363,54.2005734098092,25
112.799,1257.19250843666,-23.6135382854177,-23.6135382854177,16.3945136603601,54.2228469543791,25
112.899,1257.19250843668,-23.6135382854391,-23.6135382854391,16.394513660363,54.2451147488556,25
113.099,1257.19250843668,-23.6135382854388,-23.6135382854388,16.3945136603629,54.2896330934666,25
113.199,1257.19250843666,-23.6135382854171,-23.6135382854171,16.3945136603601,54.3118836465683,25
113.299,1257.19250843667,-23.6135382854384,-23.6135382854384,16.3945136603629,54.3341284555122,25
113.399,1257.19250843665,-23.6135382854169,-23.6135382854169,16.39451366036,54.3563675217812,25
113.599,1257.19250843665,-23.6135382854167,-23.6135382854167,16.39451366036,54.400828432223,25
113.699,1257.19250843667,-23.6135382854379,-23.6135382854379,16.3945136603629,54.42305027936,25
113.799,1257.19250843665,-23.6135382854164,-23.6135382854164,16.3945136603599,54.4452663897497,25
113.899,1257.19250843667,-23.6135382854377,-23.6135382854377,16.3945136603629,54.467476764873,25
114.099,1257.19250843666,-23.6135382854373,-23.6135382854373,16.3945136603628,54.5118803152432,25
114.199,1257.19250843665,-23.6135382854159,-23.6135382854159,16.3945136603599,54.5340734934499,25
114.299,1257.19250843666,-23.613538285437,-23.613538285437,16.3945136603627,54.55626094231,25
114.399,1257.19250843664,-23.6135382854156,-23.6135382854156,16.3945136603599,54.5784426633033,25
114.599,1257.19250843664,-23.6135382854153,-23.6135382854153,16.3945136603598,54.622788927603,25
114.699,1257.19250843666,-23.6135382854365,-23.6135382854365,16.3945136603628,54.6449534738659,25
114.799,1257.19250843664,-23.613538285415,-23.613538285415,16.3945136603599,54.6671122981738,25
114.899,1257.19250843666,-23.6135382854362,-23.6135382854362,16.3945136603628,54.6892654020043,25
115.099,1257.19250843665,-23.613538285436,-23.613538285436,16.3945136603628,54.7335544541399,25
115.199,1257.19250843664,-23.6135382854145,-23.6135382854145,16.3945136603598,54.7556904053974,25
115.299,1257.19250843665,-23.6135382854357,-23.6135382854357,16.3945136603627,54.7778206420828,25
115.399,1257.19250843663,-23.6135382854142,-23.6135382854142,16.3945136603597,54.7999451656701,25
115.599,1257.19250843663,-23.613538285414,-23.613538285414,16.3945136603597,54.8441770794518,25
115.699,1257.19250843665,-23.6135382854352,-23.6135382854352,16.3945136603627,54.8662844725952,25
115.799,1257.19250843663,-23.6135382854138,-23.6135382854138,16.3945136603596,54.8883861585383,25
115.899,1257.19250843664,-23.613538285435,-23.613538285435,16.3945136603626,54.9104821387549,25
116.099,1257.19250843664,-23.6135382854347,-23.6135382854347,16.3945136603625,54.9546569878996,25
116.199,1257.19250843663,-23.6135382854131,-23.6135382854131,16.3945136603595,54.9767358597725,25
116.299,1257.19250843664,-23.6135382854343,-23.6135382854343,16.3945136603624,54.9988090318082,25
116.399,1257.19250843662,-23.6135382854127,-23.6135382854127,16.3945136603595,55.0208765054784,25
116.599,1257.19250843662,-23.6135382854124,-23.6135382854124,16.3945136603595,55.0649943636061,25
116.699,1257.19250843664,-23.6135382854337,-23.6135382854337,16.3945136603624,55.0870447510041,25
116.799,1257.19250843662,-23.6135382854121,-23.6135382854121,16.3945136603594,55.1090894459188,25
116.899,1257.19250843663,-23.6135382854333,-23.6135382854333,16.3945136603624,55.1311284498195,25
117.099,1257.19250843663,-23.613538285433,-23.613538285433,16.3945136603623,55.1751893904547,25
117.199,1257.19250843662,-23.6135382854115,-23.6135382854115,16.3945136603593,55.1972113301263,25
117.299,1257.19250843663,-23.6135382854327,-23.6135382854327,16.3945136603623,55.2192275846586,25
117.399,1257.19250843662,-23.6135382854111,-23.6135382854111,16.3945136603593,55.2412381555191,25
117.599,1257.19250843661,-23.6135382854108,-23.6135382854108,16.3945136603593,55.2852422520936,25
117.699,1257.19250843663,-23.613538285432,-23.613538285432,16.3945136603623,55.3072357807411,25
117.799,1257.19250843661,-23.6135382854105,-23.6135382854105,16.3945136603592,55.3292236315832,25
117.899,1257.19250843662,-23.6135382854318,-23.6135382854318,16.3945136603623,55.3512058060859,25
118.099,1257.19250843662,-23.6135382854316,-23.6135382854316,16.3945136603623,55.3951531319341,25
118.199,1257.19250843661,-23.61353828541,-23.61353828541,16.3945136603593,55.4171182862099,25
118.299,1257.19250843662,-23.6135382854314,-23.6135382854314,16.3945136603623,55.4390777700057,25
118.399,1257.1925084366,-23.6135382854096,-23.6135382854096,16.3945136603593,55.4610315847853,25
118.599,1257.1925084366,-23.6135382854094,-23.6135382854094,16.3945136603593,55.5049222131496,25
118.699,1257.19250843661,-23.6135382854306,-23.6135382854306,16.3945136603622,55.5268590296604,25
118.799,1257.1925084366,-23.6135382854091,-23.6135382854091,16.3945136603592,55.5487901830068,25
118.899,1257.19250843661,-23.6135382854303,-23.6135382854303,16.3945136603621,55.5707156746509,25
119.099,1257.19250843661,-23.6135382854299,-23.6135382854299,16.3945136603621,55.614549678678,25
119.199,1257.1925084366,-23.6135382854083,-23.6135382854083,16.394513660359,55.6364581939832,25
119.299,1257.19250843661,-23.6135382854295,-23.6135382854295,16.394513660362,55.6583610534301,25
119.399,1257.1925084366,-23.6135382854079,-23.6135382854079,16.3945136603589,55.6802582584791,25
119.599,1257.19250843659,-23.6135382854075,-23.6135382854075,16.3945136603588,55.724035711221,25
119.699,1257.19250843661,-23.6135382854288,-23.6135382854288,16.3945136603619,55.7459159618328,25
119.799,1257.19250843659,-23.6135382854072,-23.6135382854072,16.3945136603588,55.7677905638828,25
119.899,1257.1925084366,-23.6135382854285,-23.6135382854285,16.3945136603619,55.7896595188296,25
120.099,1257.1925084366,-23.6135382854282,-23.6135382854282,16.3945136603618,55.8333804932445,25
120.199,1257.19250843659,-23.6135382854064,-23.6135382854064,16.3945136603588,55.8552325156274,25
120.299,1257.1925084366,-23.6135382854278,-23.6135382854278,16.3945136603618,55.8770788967363,25
120.399,1257.19250843658,-23.6135382854062,-23.6135382854062,16.3945136603587,55.8989196380273,25
120.599,1257.19250843658,-23.6135382854058,-23.6135382854058,16.3945136603587,55.9425842069796,25
120.699,1257.1925084366,-23.613538285427,-23.613538285427,16.3945136603616,55.9644080375517,25
120.799,1257.19250843658,-23.6135382854054,-23.6135382854054,16.3945136603586,55.9862262341278,25
120.899,1257.1925084366,-23.6135382854267,-23.6135382854267,16.3945136603616,56.0080387981624,25
121.099,1257.19250843659,-23.6135382854265,-23.6135382854265,16.3945136603616,56.0516470344218,25
121.199,1257.19250843658,-23.6135382854049,-23.6135382854049,16.3945136603585,56.073442709554,25
121.299,1257.19250843659,-23.6135382854261,-23.6135382854261,16.3945136603616,56.0952327579586,25
121.399,1257.19250843658,-23.6135382854046,-23.6135382854046,16.3945136603585,56.117017181088,25
121.599,1257.19250843657,-23.6135382854042,-23.6135382854042,16.3945136603584,56.1605691573312,25
121.699,1257.19250843659,-23.6135382854256,-23.6135382854256,16.3945136603615,56.1823367133476,25
121.799,1257.19250843657,-23.613538285404,-23.613538285404,16.3945136603585,56.2040986498956,25
121.899,1257.19250843659,-23.6135382854253,-23.6135382854253,16.3945136603614,56.2258549684262,25
122.099,1257.19250843658,-23.6135382854249,-23.6135382854249,16.3945136603613,56.2693507572348,25
122.199,1257.19250843657,-23.6135382854033,-23.6135382854033,16.3945136603584,56.2910902304125,25
122.299,1257.19250843658,-23.6135382854245,-23.6135382854245,16.3945136603614,56.3128240913718,25
122.399,1257.19250843657,-23.6135382854031,-23.6135382854031,16.3945136603584,56.3345523415614,25
122.599,1257.19250843656,-23.6135382854027,-23.6135382854027,16.3945136603584,56.3779920154247,25
122.699,1257.19250843658,-23.613538285424,-23.613538285424,16.3945136603613,56.3997034419942,25
122.799,1257.19250843656,-23.6135382854024,-23.6135382854024,16.3945136603583,56.4214092635857,25
122.899,1257.19250843658,-23.6135382854237,-23.6135382854237,16.3945136603613,56.4431094816459,25
123.099,1257.19250843657,-23.6135382854235,-23.6135382854235,16.3945136603612,56.4864931129589,25
123.199,1257.19250843656,-23.6135382854019,-23.6135382854019,16.3945136603582,56.5081765291037,25
123.299,1257.19250843657,-23.6135382854232,-23.6135382854232,16.3945136603612,56.5298543475016,25
123.399,1257.19250843655,-23.6135382854017,-23.6135382854017,16.3945136603583,56.5515265695974,25
123.599,1257.19250843655,-23.6135382854014,-23.6135382854014,16.3945136603583,56.5948542306618,25
123.799,1257.19250843655,-23.6135382854011,-23.6135382854011,16.3945136603583,56.6381595238504,25
123.899,1257.19250843656,-23.6135382854223,-23.6135382854223,16.3945136603611,56.6598037861005,25
124.099,1257.19250843656,-23.613538285422,-23.613538285422,16.3945136603611,56.7030755491247,25
124.299,1257.19250843656,-23.6135382854216,-23.6135382854216,16.394513660361,56.7463249731303,25
124.399,1257.19250843654,-23.6135382854001,-23.6135382854001,16.3945136603582,56.7679413116051,25
124.599,1257.19250843654,-23.6135382853997,-23.6135382853997,16.3945136603581,56.8111572487043,25
124.799,1257.19250843654,-23.6135382853995,-23.6135382853995,16.3945136603581,56.8543508756057,25
124.899,1257.19250843656,-23.6135382854207,-23.6135382854207,16.3945136603608,56.8759393263316,25
125.099,1257.19250843655,-23.6135382854206,-23.6135382854206,16.3945136603608,56.9190995095291,25
125.299,1257.19250843655,-23.6135382854202,-23.6135382854202,16.3945136603608,56.9622374113117,25
125.399,1257.19250843653,-23.6135382853986,-23.6135382853986,16.3945136603579,56.9837980102669,25
125.599,1257.19250843653,-23.6135382853984,-23.6135382853984,16.394513660358,57.0269025114908,25
125.799,1257.19250843653,-23.6135382853982,-23.6135382853982,16.394513660358,57.0699847600461,25
125.899,1257.19250843655,-23.6135382854193,-23.6135382854193,16.3945136603607,57.0915175431625,25
126.099,1257.19250843655,-23.613538285419,-23.613538285419,16.3945136603607,57.1345664342515,25
126.299,1257.19250843654,-23.6135382854187,-23.6135382854187,16.3945136603606,57.1775931013791,25
126.399,1257.19250843652,-23.6135382853971,-23.6135382853971,16.3945136603577,57.1990981045429,25
126.599,1257.19250843652,-23.6135382853968,-23.6135382853968,16.3945136603577,57.2420914572387,25
126.799,1257.19250843652,-23.6135382853965,-23.6135382853965,16.3945136603576,57.2850626146457,25
126.899,1257.19250843654,-23.6135382854176,-23.6135382854176,16.3945136603604,57.3065398736966,25
127.099,1257.19250843654,-23.6135382854173,-23.6135382854173,16.3945136603603,57.3494777596521,25
127.299,1257.19250843654,-23.613538285417,-23.613538285417,16.3945136603602,57.3923934789535,25
127.399,1257.19250843652,-23.6135382853955,-23.6135382853955,16.3945136603575,57.4138430296848,25
127.599,1257.19250843652,-23.6135382853951,-23.6135382853951,16.3945136603574,57.4567255204582,25
127.799,1257.19250843651,-23.6135382853947,-23.6135382853947,16.3945136603573,57.4995858731757,25
127.899,1257.19250843653,-23.6135382854161,-23.6135382854161,16.39451366036,57.5210077513345,25
128.199,1257.19250843651,-23.6135382853941,-23.6135382853941,16.3945136603572,57.5852402101476,25
128.399,1257.19250843651,-23.6135382853939,-23.6135382853939,16.3945136603572,57.6280342172427,25
128.699,1257.19250843652,-23.6135382854151,-23.6135382854151,16.3945136603601,57.6921838082416,25
128.899,1257.19250843652,-23.6135382854148,-23.6135382854148,16.39451366036,57.7349226057759,25
129.199,1257.1925084365,-23.6135382853929,-23.6135382853929,16.3945136603571,57.7989894358708,25
129.399,1257.1925084365,-23.6135382853926,-23.6135382853926,16.394513660357,57.8416730950717,25
129.699,1257.19250843651,-23.6135382854136,-23.6135382854136,16.3945136603598,57.9056572710342,25
129.899,1257.19250843651,-23.6135382854134,-23.6135382854134,16.3945136603598,57.9482858630372,25
130.199,1257.19250843649,-23.6135382853913,-23.6135382853913,16.3945136603569,58.0121874915015,25
130.399,1257.19250843649,-23.613538285391,-23.613538285391,16.3945136603568,58.0547610873502,25
130.699,1257.19250843651,-23.6135382854121,-23.6135382854121,16.3945136603597,58.1185802748132,25
130.899,1257.1925084365,-23.6135382854118,-23.6135382854118,16.3945136603597,58.1610989454595,25
131.199,1257.19250843648,-23.6135382853899,-23.6135382853899,16.3945136603566,58.2248357982799,25
131.399,1257.19250843648,-23.6135382853897,-23.6135382853897,16.3945136603567,58.267299614584,25
131.699,1257.19250843649,-23.6135382854106,-23.6135382854106,16.3945136603595,58.330954238984,25
131.899,1257.19250843649,-23.6135382854103,-23.6135382854103,16.3945136603596,58.3733632717149,25
132.199,1257.19250843647,-23.6135382853886,-23.6135382853886,16.3945136603567,58.4369357737787,25
132.399,1257.19250843647,-23.6135382853883,-23.6135382853883,16.3945136603566,58.479290093613,25
132.699,1257.19250843648,-23.6135382854093,-23.6135382854093,16.3945136603594,58.5427805792888,25
132.899,1257.19250843648,-23.6135382854089,-23.6135382854089,16.3945136603594,58.5850802568142,25
133.199,1257.19250843646,-23.6135382853871,-23.6135382853871,16.3945136603564,58.6484888319127,25
133.399,1257.19250843646,-23.6135382853868,-23.6135382853868,16.3945136603564,58.6907339376238,25
133.699,1257.19250843647,-23.6135382854079,-23.6135382854079,16.3945136603593,58.754060707821,25
133.899,1257.19250843647,-23.6135382854076,-23.6135382854076,16.3945136603593,58.7962513121231,25
134.199,1257.19250843645,-23.6135382853856,-23.6135382853856,16.3945136603561,58.8594963829563,25
134.399,1257.19250843645,-23.6135382853854,-23.6135382853854,16.394513660356,58.9016325561615,25
134.699,1257.19250843646,-23.6135382854064,-23.6135382854064,16.3945136603591,58.9647960330338,25
134.899,1257.19250843646,-23.6135382854061,-23.6135382854061,16.3945136603591,59.0068778453657,25
135.199,1257.19250843644,-23.6135382853842,-23.6135382853842,16.3945136603559,59.0699598335428,25
135.399,1257.19250843644,-23.6135382853839,-23.6135382853839,16.3945136603559,59.1119873551339,25
135.699,1257.19250843645,-23.6135382854051,-23.6135382854051,16.3945136603589,59.174987959746,25
135.899,1257.19250843645,-23.6135382854047,-23.6135382854047,16.3945136603589,59.216961260638,25
136.199,1257.19250843643,-23.6135382853828,-23.6135382853828,16.3945136603557,59.2798805866816,25
136.699,1257.19250843644,-23.6135382854036,-23.6135382854036,16.3945136603588,59.3846378891595,25
137.199,1257.19250843642,-23.6135382853813,-23.6135382853813,16.3945136603554,59.4892600417634,25
137.699,1257.19250843644,-23.6135382854019,-23.6135382854019,16.3945136603584,59.5937472188548,25
138.199,1257.19250843641,-23.6135382853798,-23.6135382853798,16.3945136603554,59.6980995945682,25
138.699,1257.19250843643,-23.6135382854006,-23.6135382854006,16.3945136603583,59.8023173428153,25
139.199,1257.1925084364,-23.6135382853784,-23.6135382853784,16.3945136603552,59.9064006372818,25
139.699,1257.19250843642,-23.613538285399,-23.613538285399,16.3945136603583,60.0103496514277,25
140.199,1257.19250843639,-23.6135382853768,-23.6135382853768,16.394513660355,60.1141645584933,25
140.699,1257.19250843641,-23.6135382853975,-23.6135382853975,16.3945136603579,60.2178455314927,25
141.199,1257.19250843639,-23.6135382853753,-23.6135382853753,16.3945136603547,60.3213927432174,25
141.699,1257.1925084364,-23.6135382853959,-23.6135382853959,16.3945136603578,60.424806366236,25
142.199,1257.19250843637,-23.6135382853736,-23.6135382853736,16.3945136603547,60.5280865728945,25
142.699,1257.19250843639,-23.6135382853944,-23.6135382853944,16.3945136603576,60.6312335353168,25
143.199,1257.19250843637,-23.6135382853719,-23.6135382853719,16.3945136603544,60.7342474254045,25
143.699,1257.19250843638,-23.6135382853926,-23.6135382853926,16.3945136603573,60.8371284148365,25
144.199,1257.19250843636,-23.6135382853704,-23.6135382853704,16.3945136603543,60.9398766750709,25
144.699,1257.19250843637,-23.6135382853913,-23.6135382853913,16.3945136603571,61.0424923773455,25
145.199,1257.19250843635,-23.6135382853691,-23.6135382853691,16.3945136603541,61.1449756926763,25
145.699,1257.19250843636,-23.6135382853898,-23.6135382853898,16.394513660357,61.2473267918595,25
146.199,1257.19250843634,-23.6135382853676,-23.6135382853676,16.3945136603539,61.3495458454693,25
146.699,1257.19250843635,-23.6135382853884,-23.6135382853884,16.3945136603568,61.4516330238617,25
147.199,1257.19250843633,-23.6135382853661,-23.6135382853661,16.3945136603539,61.5535884971707,25
147.699,1257.19250843634,-23.6135382853866,-23.6135382853866,16.3945136603567,61.6554124353137,25
148.199,1257.19250843632,-23.6135382853645,-23.6135382853645,16.3945136603535,61.7571050079861,25
148.699,1257.19250843633,-23.6135382853852,-23.6135382853852,16.3945136603563,61.8586663846666,25
149.199,1257.1925084363,-23.6135382853632,-23.6135382853632,16.3945136603535,61.9600967346141,25
149.699,1257.19250843632,-23.6135382853839,-23.6135382853839,16.3945136603562,62.0613962268684,25
150.199,1257.1925084363,-23.6135382853618,-23.6135382853618,16.3945136603532,62.1625650302524,25
150.699,1257.19250843631,-23.6135382853823,-23.6135382853823,16.3945136603559,62.263603313371,25
151.199,1257.19250843628,-23.6135382853603,-23.6135382853603,16.3945136603531,62.364511244611,25
151.699,1257.1925084363,-23.6135382853811,-23.6135382853811,16.3945136603559,62.4652889921447,25
152.199,1257.19250843628,-23.6135382853588,-23.6135382853588,16.3945136603528,62.5659367239232,25
152.699,1257.19250843629,-23.6135382853795,-23.6135382853795,16.3945136603557,62.6664546076822,25
153.199,1257.19250843627,-23.6135382853573,-23.6135382853573,16.3945136603526,62.7668428109434,25
153.699,1257.19250843628,-23.6135382853778,-23.6135382853778,16.3945136603554,62.8671015010094,25
154.199,1257.19250843626,-23.6135382853556,-23.6135382853556,16.3945136603522,62.9672308449702,25
154.699,1257.19250843627,-23.6135382853763,-23.6135382853763,16.3945136603551,63.0672310096964,25
155.199,1257.19250843625,-23.6135382853542,-23.6135382853542,16.3945136603522,63.1671021618441,25
155.699,1257.19250843626,-23.6135382853749,-23.6135382853749,16.3945136603551,63.2668444678587,25
156.199,1257.19250843624,-23.6135382853528,-23.6135382853528,16.3945136603518,63.3664580939652,25
156.699,1257.19250843625,-23.6135382853734,-23.6135382853734,16.394513660355,63.465943206178,25
157.199,1257.19250843623,-23.6135382853513,-23.6135382853513,16.3945136603517,63.565299970296,25
157.699,1257.19250843624,-23.6135382853719,-23.6135382853719,16.3945136603547,63.6645285519028,25
158.199,1257.19250843622,-23.61353828535,-23.61353828535,16.3945136603515,63.7636291163717,25
158.699,1257.19250843623,-23.6135382853707,-23.6135382853707,16.3945136603547,63.862601828858,25
159.199,1257.19250843621,-23.6135382853486,-23.6135382853486,16.3945136603515,63.9614468543082,25
159.699,1257.19250843622,-23.6135382853693,-23.6135382853693,16.3945136603544,64.060164357454,25
160.199,1257.1925084362,-23.613538285347,-23.613538285347,16.3945136603513,64.1587545028142,25
160.699,1257.19250843621,-23.6135382853678,-23.6135382853678,16.3945136603543,64.2572174546969,25
161.199,1257.19250843619,-23.6135382853455,-23.6135382853455,16.3945136603512,64.3555533771983,25
161.699,1257.1925084362,-23.6135382853662,-23.6135382853662,16.394513660354,64.4537624342011,25
162.199,1257.19250843618,-23.6135382853439,-23.6135382853439,16.3945136603509,64.5518447893762,25
162.699,1257.19250843619,-23.6135382853647,-23.6135382853647,16.3945136603539,64.6498006061865,25
163.199,1257.19250843617,-23.6135382853423,-23.6135382853423,16.3945136603506,64.7476300478829,25
163.699,1257.19250843618,-23.613538285363,-23.613538285363,16.3945136603536,64.845333277502,25
164.199,1257.19250843616,-23.6135382853408,-23.6135382853408,16.3945136603505,64.9429104578754,25
164.699,1257.19250843618,-23.6135382853614,-23.6135382853614,16.3945136603533,65.0403617516213,25
165.199,1257.19250843615,-23.6135382853393,-23.6135382853393,16.3945136603503,65.1376873211481,25
165.699,1257.19250843617,-23.6135382853601,-23.6135382853601,16.3945136603531,65.2348873286568,25
166.199,1257.19250843615,-23.6135382853378,-23.6135382853378,16.3945136603501,65.331961936138,25
166.699,1257.19250843616,-23.6135382853584,-23.6135382853584,16.394513660353,65.4289113053716,25
167.199,1257.19250843614,-23.6135382853362,-23.6135382853362,16.3945136603497,65.5257355979325,25
167.699,1257.19250843615,-23.6135382853569,-23.6135382853569,16.3945136603526,65.622434975186,25
168.199,1257.19250843613,-23.6135382853346,-23.6135382853346,16.3945136603497,65.7190095982847,25
168.699,1257.19250843614,-23.6135382853554,-23.6135382853554,16.3945136603525,65.8154596281791,25
169.199,1257.19250843612,-23.6135382853331,-23.6135382853331,16.3945136603494,65.9117852256083,25
169.699,1257.19250843613,-23.613538285354,-23.613538285354,16.3945136603523,66.0079865511075,25
170.199,1257.19250843611,-23.6135382853317,-23.6135382853317,16.3945136603492,66.1040637650033,25
170.699,1257.19250843612,-23.6135382853526,-23.6135382853526,16.3945136603522,66.2000170274137,25
171.199,1257.1925084361,-23.6135382853305,-23.6135382853305,16.3945136603492,66.2958464982517,25
171.699,1257.19250843611,-23.6135382853512,-23.6135382853512,16.394513660352,66.3915523372243,25
172.199,1257.19250843609,-23.613538285329,-23.613538285329,16.394513660349,66.48713470383,25
172.699,1257.1925084361,-23.6135382853497,-23.6135382853497,16.3945136603518,66.5825937573632,25
173.199,1257.19250843608,-23.6135382853275,-23.6135382853275,16.3945136603487,66.6779296569154,25
173.699,1257.19250843609,-23.6135382853482,-23.6135382853482,16.3945136603516,66.7731425613697,25
174.199,1257.19250843607,-23.613538285326,-23.613538285326,16.3945136603486,66.8682326294052,25
174.699,1257.19250843608,-23.6135382853467,-23.6135382853467,16.3945136603515,66.9632000194958,25
175.199,1257.19250843606,-23.6135382853247,-23.6135382853247,16.3945136603485,67.058044889911,25
175.699,1257.19250843607,-23.6135382853452,-23.6135382853452,16.3945136603511,67.1527673987161,25
176.199,1257.19250843605,-23.613538285323,-23.613538285323,16.3945136603482,67.2473677037736,25
176.699,1257.19250843607,-23.6135382853438,-23.6135382853438,16.3945136603509,67.3418459627407,25
177.199,1257.19250843604,-23.6135382853215,-23.6135382853215,16.3945136603479,67.4362023330712,25
177.699,1257.19250843605,-23.6135382853423,-23.6135382853423,16.3945136603508,67.5304369720174,25
178.199,1257.19250843603,-23.6135382853202,-23.6135382853202,16.3945136603479,67.624550036628,25
178.699,1257.19250843604,-23.613538285341,-23.613538285341,16.3945136603507,67.7185416837487,25
179.199,1257.19250843602,-23.6135382853188,-23.6135382853188,16.3945136603477,67.8124120700229,25
179.699,1257.19250843603,-23.6135382853394,-23.6135382853394,16.3945136603506,67.9061613518933,25
180.199,1257.19250843601,-23.6135382853172,-23.6135382853172,16.3945136603475,67.9997896855985,25
180.699,1257.19250843602,-23.6135382853378,-23.6135382853378,16.3945136603503,68.0932972271771,25
181.199,1257.192508436,-23.6135382853157,-23.6135382853157,16.3945136603472,68.1866841324644,25
181.699,1257.19250843602,-23.6135382853363,-23.6135382853363,16.3945136603501,68.2799505570977,25
182.199,1257.19250843599,-23.6135382853143,-23.6135382853143,16.3945136603471,68.3730966565114,25
182.699,1257.19250843601,-23.6135382853348,-23.6135382853348,16.3945136603498,68.46612258594,25
183.199,1257.19250843598,-23.6135382853125,-23.6135382853125,16.3945136603468,68.5590285004184,25
183.699,1257.192508436,-23.6135382853333,-23.6135382853333,16.3945136603498,68.651814554779,25
184.199,1257.19250843597,-23.6135382853108,-23.6135382853108,16.3945136603466,68.744480903655,25
184.699,1257.19250843599,-23.6135382853318,-23.6135382853318,16.3945136603496,68.8370277014845,25
185.199,1257.19250843597,-23.6135382853094,-23.6135382853094,16.3945136603464,68.929455102505,25
185.699,1257.19250843598,-23.6135382853301,-23.6135382853301,16.3945136603495,69.0217632607472,25
186.199,1257.19250843596,-23.6135382853078,-23.6135382853078,16.3945136603462,69.1139523300515,25
186.699,1257.19250843597,-23.6135382853287,-23.6135382853287,16.3945136603491,69.2060224640599,25
187.199,1257.19250843595,-23.6135382853065,-23.6135382853065,16.394513660346,69.2979738162103,25
187.699,1257.19250843596,-23.6135382853271,-23.6135382853271,16.394513660349,69.3898065397484,25
188.199,1257.19250843593,-23.6135382853051,-23.6135382853051,16.3945136603459,69.4815207877171,25
188.699,1257.19250843595,-23.6135382853257,-23.6135382853257,16.3945136603489,69.5731167129667,25
189.199,1257.19250843592,-23.6135382853037,-23.6135382853037,16.3945136603458,69.6645944681455,25
189.699,1257.19250843594,-23.613538285324,-23.613538285324,16.3945136603487,69.7559542057102,25
190.199,1257.19250843592,-23.6135382853019,-23.6135382853019,16.3945136603455,69.8471960779184,25
190.699,1257.19250843593,-23.6135382853226,-23.6135382853226,16.3945136603483,69.9383202368294,25
191.199,1257.19250843591,-23.6135382853004,-23.6135382853004,16.3945136603453,70.0293268343085,25
191.699,1257.19250843592,-23.6135382853214,-23.6135382853214,16.3945136603482,70.1202160220244,25
192.199,1257.1925084359,-23.6135382852992,-23.6135382852992,16.3945136603451,70.2109879514529,25
192.699,1257.19250843591,-23.61353828532,-23.61353828532,16.3945136603479,70.3016427738687,25
193.199,1257.19250843589,-23.6135382852978,-23.6135382852978,16.394513660345,70.3921806403535,25
193.699,1257.1925084359,-23.6135382853185,-23.6135382853185,16.3945136603479,70.4826017017971,25
194.199,1257.19250843588,-23.6135382852964,-23.6135382852964,16.3945136603449,70.5729061088909,25
194.699,1257.19250843589,-23.6135382853172,-23.6135382853172,16.3945136603477,70.6630940121332,25
195.199,1257.19250843587,-23.6135382852951,-23.6135382852951,16.3945136603447,70.7531655618301,25
195.699,1257.19250843588,-23.6135382853157,-23.6135382853157,16.3945136603475,70.8431209080901,25
196.199,1257.19250843586,-23.6135382852936,-23.6135382852936,16.3945136603444,70.9329602008308,25
196.699,1257.19250843587,-23.6135382853141,-23.6135382853141,16.3945136603474,71.0226835897763,25
197.199,1257.19250843585,-23.6135382852919,-23.6135382852919,16.3945136603442,71.1122912244564,25
197.699,1257.19250843586,-23.6135382853128,-23.6135382853128,16.3945136603471,71.2017832542081,25
198.199,1257.19250843584,-23.6135382852904,-23.6135382852904,16.394513660344,71.2911598281767,25
198.699,1257.19250843585,-23.6135382853114,-23.6135382853114,16.3945136603469,71.3804210953134,25
199.199,1257.19250843583,-23.6135382852891,-23.6135382852891,16.394513660344,71.4695672043799,25
199.699,1257.19250843584,-23.61353828531,-23.61353828531,16.3945136603468,71.5585983039432,25
