time,speed_rpm,current_main,current_aux,torque,temperature,ambient
0,0,0,0,-0,25,25
0.1,1192.29511746362,24.8475199602376,35.1483124657076,17.6136708974783,25.2514107383379,25
0.2,1350.96530452344,13.134874749031,14.1503168062101,3.99676885048305,25.2983853404562,25
0.3,1354.12325611812,12.7646783281377,13.7823974047754,3.91754236514835,25.3264621705653,25
0.4,1354.14555786281,12.7624037650928,13.7801763836657,3.91674739483074,25.3543717433975,25
0.5,1354.14570398057,12.7623887976764,13.780161619772,3.91674190916557,25.3822780209594,25
0.6,1354.14570493092,12.7623886964748,13.7801615192836,3.91674187537642,25.4101821454171,25
0.7,1354.14570493718,12.7623886958018,13.7801615186176,3.91674187516124,25.4380841245268,25
0.8,1354.14570493721,12.7623886957984,13.7801615186093,3.91674187515874,25.465983958503,25
0.9,1354.14570493721,12.762388695798,13.7801615186093,3.91674187515825,25.4938816475108,25
1,1354.14570493722,12.7623886957972,13.7801615186115,3.91674187515888,25.5217771917156,25
1.1,1354.14570493722,12.7623886957972,13.7801615186088,3.91674187515897,25.5496705912816,25
1.2,1354.14570493721,12.7623886957966,13.7801615186083,3.91674187516116,25.5775618463741,25
1.3,1354.14570493722,12.7623886957996,13.7801615186096,3.91674187515896,25.605450957158,25
1.4,1354.14570493722,12.7623886957967,13.7801615186091,3.91674187515902,25.6333379237982,25
1.5,1354.17987166064,12.7717463769878,13.8233349369057,3.98118860331521,25.661242382254,25
1.6,1354.14754320071,12.7630890663096,13.7810063466936,3.91623891404455,25.6891486469523,25
1.7,1354.14569735438,12.7623908894515,13.7801635813377,3.91674068964404,25.7170291485761,25
1.8,1354.14570483574,12.76238869926,13.780161520213,3.91674188099301,25.744907537209,25
1.9,1354.14570493668,12.7623886958285,13.7801615186367,3.91674187519733,25.7727837822862,25
2,1354.14570493721,12.7623886957971,13.7801615186068,3.91674187515912,25.8006578842044,25
2.1,1354.14570493722,12.7623886957946,13.7801615186136,3.91674187515702,25.8285298431327,25
2.2,1354.1457049372,12.7623886957963,13.7801615186146,3.91674187515891,25.8563996592357,25
2.3,1354.1457049372,12.762388695796,13.7801615186163,3.9167418751607,25.884267332678,25
2.4,1354.14570493721,12.7623886957954,13.7801615186138,3.91674187515826,25.9121328636248,25
2.5,1354.1457049372,12.7623886957996,13.7801615186179,3.91674187515904,25.9399962522405,25
2.6,1354.14570493721,12.7623886957984,13.7801615186163,3.91674187515726,25.9678574986898,25
2.7,1354.1457049372,12.762388695798,13.7801615186138,3.91674187515913,25.9957166031375,25
2.8,1351.62535975805,12.7728621015525,13.7633460930469,3.98696645238424,26.0235700082029,25
2.9,1354.13133030834,12.7610731236324,13.7785002361948,3.91891160323944,26.0514710021931,25
3,1354.14567999394,12.7623903005743,13.7801640426869,3.91674575851018,26.079324315308,25
3.1,1354.14570486289,12.7623887327059,13.7801615606434,3.91674186485217,26.1071748521452,25
3.2,1354.14570493611,12.7623886959742,13.7801615187893,3.91674187514333,26.1350232457363,25
3.3,1354.14570493718,12.7623886957991,13.7801615186158,3.9167418751595,26.1628694983075,25
3.4,1354.14570493719,12.7623886957991,13.7801615186158,3.91674187516106,26.1907136100298,25
3.5,1354.14570493719,12.7623886957978,13.7801615186138,3.91674187515912,26.2185555810679,25
3.6,1354.1457049372,12.7623886957998,13.7801615186189,3.91674187515722,26.2463954115862,25
3.7,1354.14570493721,12.7623886957982,13.7801615186171,3.91674187515742,26.2742331017493,25
3.8,1354.14570493719,12.7623886957991,13.7801615186144,3.91674187515926,26.3020686517218,25
3.9,1354.09322934882,12.7962145020577,13.8079863962669,3.8814056683934,26.3299483262962,25
4,1354.1441028431,12.7623150287291,13.7800350141005,3.91688976144148,26.3577765778344,25
4.1,1354.14569897948,12.7623886110486,13.7801614053597,3.91674264204372,26.3856057617248,25
4.2,1354.14570491923,12.7623886991309,13.7801615224441,3.91674187574525,26.4134327495811,25
4.3,1354.14570493706,12.7623886958129,13.7801615186393,3.91674187515848,26.4412575977411,25
4.4,1354.1457049372,12.7623886957951,13.7801615186066,3.91674187515677,26.4690803066965,25
4.5,1354.14570493718,12.7623886957889,13.7801615186057,3.91674187516275,26.496900876613,25
4.6,1354.14570493719,12.7623886957902,13.7801615186053,3.91674187515854,26.5247193076551,25
4.7,1354.14570493718,12.7623886957958,13.7801615186127,3.91674187515965,26.5525355999874,25
4.8,1354.14570493719,12.7623886957871,13.7801615186061,3.91674187516019,26.5803497537742,25
4.9,1354.14570493719,12.7623886957953,13.7801615186057,3.91674187515683,26.6081617691799,25
5,1354.15895466616,12.7688320061201,13.7871544317088,3.91083302517623,26.6360156534684,25
5.1,1354.14557635813,12.7623948752017,13.7801632512008,3.91674304066084,26.6638227334658,25
5.2,1354.14570406366,12.7623886910489,13.7801614998291,3.91674195899687,26.6916283352285,25
5.3,1354.14570493372,12.7623886960851,13.780161518925,3.91674187540768,26.7194317954616,25
5.4,1354.14570493717,12.7623886958002,13.7801615186082,3.91674187515751,26.7472331180953,25
5.5,1354.14570493717,12.762388695788,13.7801615186094,3.91674187516314,26.7750323033343,25
5.6,1354.14570493718,12.7623886957931,13.7801615186045,3.91674187515886,26.8028293513428,25
5.7,1357.60575830628,12.9661640788273,14.0278311991216,2.82594642232277,26.8308215923329,25
5.8,1354.12859466753,12.7625408918204,13.7795177462151,3.9170063979858,26.8584600348448,25
5.9,1354.14559754159,12.7623833988427,13.7801540142977,3.91675508878832,26.8862510574684,25
6,1354.14570463002,12.7623887180855,13.7801615454542,3.91674190562474,26.9140395597104,25
6.1,1354.14570493578,12.7623886961091,13.7801615189551,3.91674187513885,26.9418259207167,25
6.2,1354.14570493715,12.7623886957915,13.7801615186115,3.91674187516272,26.9696101454584,25
6.3,1354.14570493718,12.7623886957893,13.7801615186041,3.91674187515966,26.9973922341199,25
6.4,1354.14570493718,12.762388695796,13.780161518609,3.91674187515732,27.0251721868657,25
6.5,1351.62535975803,12.7728621015534,13.7633460930475,3.98696645238584,27.0529464319905,25
6.6,1354.13133030833,12.7610731236346,13.7785002361981,3.91891160323513,27.0807684724815,25
6.7,1354.1456799939,12.7623903005674,13.7801640426832,3.91674575851378,27.1085426547015,25
6.8,1354.14570486285,12.762388732699,13.7801615606409,3.9167418648549,27.1363140641696,25
6.9,1354.14570493608,12.7623886959764,13.7801615187942,3.91674187514125,27.1640833364669,25
7,1354.14570493716,12.7623886957898,13.7801615186074,3.91674187516083,27.1918504738272,25
7.1,1354.14570493718,12.7623886957929,13.7801615186078,3.91674187515663,27.2196154764209,25
7.2,1354.14570493715,12.7623886957907,13.7801615186132,3.91674187516283,27.2473783444125,25
7.3,1354.14570493717,12.7623886957964,13.7801615186037,3.91674187515914,27.2751390779657,25
7.4,1354.14570493717,12.7623886957907,13.7801615186099,3.9167418751599,27.302897677245,25
7.5,1354.14570493716,12.7623886957907,13.780161518607,3.91674187516087,27.3306541424142,25
7.6,1354.14570493718,12.7623886957947,13.780161518607,3.91674187515662,27.3584084736374,25
7.7,1354.14570493715,12.7623886957889,13.7801615186115,3.91674187516285,27.3861606710787,25
7.8,1354.14570493717,12.7623886957969,13.7801615186053,3.91674187515915,27.4139107349021,25
7.9,1354.14570493716,12.7623886957898,13.7801615186148,3.91674187516016,27.4416586652719,25
8,1354.14570493716,12.7623886957915,13.7801615186028,3.91674187516096,27.469404462352,25
8.1,1354.14570493716,12.7623886957911,13.7801615186099,3.91674187515983,27.497148126306,25
8.2,1354.14570493716,12.7623886957991,13.780161518609,3.91674187515834,27.5248896572985,25
8.3,1354.14570493716,12.7623886957982,13.7801615186132,3.91674187516057,27.5526290554931,25
8.4,1354.14570493717,12.7623886957969,13.7801615186057,3.91674187516031,27.5803663210539,25
8.5,1354.14570493716,12.7623886957898,13.7801615186074,3.91674187515968,27.6081014541447,25
8.6,1354.14570493716,12.7623886957911,13.7801615186123,3.9167418751599,27.6358344549298,25
8.7,1354.14570493716,12.7623886957991,13.7801615186099,3.91674187515834,27.6635653235729,25
8.8,1354.14570493715,12.7623886957982,13.7801615186127,3.91674187516059,27.6912940602381,25
8.9,1354.14570493716,12.7623886957964,13.7801615186066,3.91674187516045,27.7190206650892,25
9,1354.14570493716,12.7623886957898,13.7801615186094,3.91674187515973,27.7467451382899,25
9.1,1354.14570493715,12.7623886957929,13.7801615186115,3.91674187516002,27.7744674800043,25
9.2,1354.14570493716,12.7623886957987,13.7801615186103,3.91674187515825,27.8021876903962,25
9.3,1354.14570493715,12.7623886957996,13.7801615186136,3.91674187516063,27.8299057696294,25
9.4,1354.14570493716,12.7623886957947,13.7801615186057,3.91674187516063,27.8576217178679,25
9.5,1354.14570493716,12.7623886957924,13.7801615186119,3.91674187515991,27.8853355352753,25
9.6,1354.14570493715,12.7623886957915,13.7801615186103,3.91674187516011,27.9130472220156,25
9.7,1354.14570493715,12.7623886957991,13.7801615186107,3.91674187515846,27.9407567782525,25
9.8,1354.14570493715,12.7623886958005,13.7801615186082,3.91674187516155,27.9684642041498,25
9.9,1354.14570493715,12.7623886957947,13.7801615186099,3.91674187516291,27.9961694998715,25
10,1354.14570493715,12.7623886957907,13.7801615186099,3.91674187515999,28.0238726655814,25
10.1,1354.14570493714,12.7623886957951,13.780161518595,3.91674187516015,28.0515737014431,25
10.2,1354.14570493715,12.7623886957982,13.7801615186033,3.91674187515865,28.0792726076202,25
10.3,1354.14570493715,12.7623886957996,13.7801615186115,3.91674187516167,28.1069693842764,25
10.4,1354.14570493714,12.7623886957933,13.7801615186115,3.91674187516307,28.1346640315758,25
10.5,1354.14570493715,12.7623886957889,13.7801615186066,3.91674187516001,28.1623565496818,25
10.6,1354.14570493714,12.7623886957973,13.7801615185925,3.91674187516037,28.190046938758,25
10.7,1354.14570493715,12.7623886958,13.780161518609,3.91674187515868,28.2177351989684,25
10.8,1354.14570493714,12.7623886957982,13.7801615186115,3.91674187516173,28.2454213304765,25
10.9,1354.14570493714,12.7623886957902,13.7801615186107,3.91674187516304,28.2731053334462,25
11,1352.11095734855,12.5055337148539,13.4616537671757,4.27637701292172,28.3007370109124,25
11.1,1354.14418575575,12.7624969648169,13.7804483400757,3.91724470790702,28.3285103729318,25
11.2,1354.14570750352,12.7623935375827,13.7801672265153,3.91673939250513,28.3561882084649,25
11.3,1354.14570484447,12.7623887149445,13.7801615371881,3.91674186947676,28.3838636958451,25
11.4,1354.1457049362,12.7623886958624,13.7801615186536,3.91674187520626,28.4115370552258,25
11.5,1354.14570493713,12.762388695792,13.7801615186082,3.91674187516,28.4392082870455,25
11.6,1354.14570493713,12.7623886957978,13.7801615185934,3.91674187516042,28.4668773914721,25
11.7,1354.14570493714,12.7623886958005,13.780161518614,3.91674187515871,28.4945443686692,25
11.8,1354.14570493713,12.7623886957982,13.7801615186082,3.91674187516194,28.5222092188004,25
11.9,1354.14570493713,12.7623886957907,13.7801615186099,3.91674187516285,28.5498719420291,25
12,1354.14570493713,12.7623886958067,13.7801615186057,3.91674187515986,28.5775325385188,25
12.1,1354.14570493713,12.7623886958013,13.7801615186024,3.91674187516068,28.605191008433,25
12.2,1354.14570493714,12.7623886957915,13.780161518609,3.9167418751588,28.6328473519354,25
12.3,1354.14570493713,12.7623886957987,13.7801615186074,3.91674187516201,28.6605015691891,25
12.4,1354.14570493713,12.7623886958094,13.7801615186107,3.91674187516306,28.6881536603578,25
12.5,1354.14570493713,12.762388695812,13.7801615186049,3.91674187515988,28.7158036256051,25
12.6,1354.14570493712,12.762388695796,13.7801615186057,3.91674187516124,28.7434514650942,25
12.7,1354.14570493712,12.7623886957942,13.7801615186033,3.91674187516156,28.7710971789885,25
12.8,1354.14570493713,12.7623886957978,13.7801615186099,3.91674187516211,28.7987407674516,25
12.9,1354.14570493712,12.7623886958094,13.7801615186206,3.91674187516325,28.8263822306467,25
13,1354.14570493713,12.7623886958138,13.7801615185975,3.91674187516003,28.8540215687376,25
13.1,1354.14570493712,12.7623886957933,13.7801615186016,3.91674187516129,28.8816587818874,25
13.2,1354.14570493712,12.7623886957951,13.7801615186066,3.91674187516165,28.9092938702594,25
13.3,1354.14570493712,12.7623886958049,13.7801615186123,3.91674187516222,28.936926834017,25
13.4,1354.14570493712,12.7623886958058,13.7801615186148,3.91674187516325,28.9645576733236,25
13.5,1354.14570493712,12.7623886958103,13.7801615186,3.91674187516014,28.9921863883423,25
13.6,1354.14570493711,12.7623886957915,13.7801615186016,3.91674187516148,29.0198129792371,25
13.7,1354.14570493712,12.7623886957942,13.7801615186099,3.91674187516166,29.0474374461705,25
13.8,1354.14570493712,12.7623886958049,13.7801615186099,3.91674187516244,29.0750597893061,25
13.9,1351.62535975798,12.7728621015521,13.7633460930678,3.98696645238617,29.1026764084173,25
14,1354.13133030826,12.7610731236257,13.7785002362026,3.91891160323913,29.1303412339666,25
14.1,1354.14567999385,12.7623903005861,13.7801640427017,3.91674575851273,29.1579578480083,25
14.2,1354.14570486279,12.7623887327026,13.780161560643,3.91674186485701,29.1855716963197,25
14.3,1354.14570493603,12.7623886959635,13.7801615187839,3.91674187514554,29.213183419557,25
14.4,1354.14570493711,12.7623886958076,13.7801615186132,3.91674187516124,29.2407930199698,25
14.5,1354.14570493712,12.7623886958049,13.7801615185942,3.91674187516023,29.2684004977279,25
14.6,1354.14570493711,12.7623886957924,13.7801615186041,3.91674187516137,29.2960058529943,25
14.7,1354.14570493711,12.7623886957951,13.7801615186165,3.91674187516192,29.3236090859321,25
14.8,1354.14570493712,12.7623886958067,13.7801615186132,3.91674187516178,29.3512101967049,25
14.9,1354.14570493712,12.7623886958085,13.7801615186082,3.91674187516104,29.3788091854754,25
15,1354.14570493711,12.7623886958067,13.780161518595,3.91674187516035,29.4064060524068,25
15.1,1354.1457049371,12.7623886957907,13.7801615186099,3.91674187516162,29.4340007976624,25
15.2,1354.14570493711,12.7623886957951,13.780161518614,3.9167418751618,29.4615934214052,25
15.3,1354.17356792828,12.7697306393155,13.7903186566337,3.91330240361506,29.4892275920925,25
15.4,1354.14573171481,12.7624334770447,13.7802101274044,3.9167091337458,29.5168161414475,25
15.5,1354.17987065028,12.7717464572443,13.8233349922757,3.98118860654907,29.5444223322073,25
15.6,1354.14754319331,12.7630890664995,13.7810063467887,3.91623891459995,29.5720304130523,25
15.7,1354.14569735422,12.7623908894467,13.7801635813391,3.91674068964959,29.5996123942238,25
15.8,1354.14570483563,12.7623886992674,13.7801615202285,3.91674188099599,29.6271922858186,25
15.9,1354.14570493656,12.7623886958414,13.7801615186255,3.9167418751999,29.6547700568032,25
16,1354.14570493709,12.7623886958058,13.780161518595,3.91674187516163,29.6823457075758,25
16.1,1354.14570493711,12.7623886957978,13.7801615186049,3.91674187516169,29.7099192383036,25
16.2,1354.14570493711,12.7623886957996,13.7801615186074,3.91674187516164,29.7374906491497,25
16.3,1354.14570493711,12.7623886957915,13.7801615186057,3.91674187516163,29.7650599402771,25
16.4,1354.14570493711,12.7623886957978,13.7801615186057,3.91674187516167,29.7926271118483,25
16.5,1354.14570493711,12.7623886958005,13.7801615186082,3.91674187516174,29.820192164027,25
16.6,1354.09322934873,12.7962145020612,13.80798639627,3.8814056683944,29.8478019979437,25
16.7,1354.14410284301,12.7623150287464,13.7800350140881,3.91688976144464,29.8753597517609,25
16.8,1357.60575218892,12.9661640144432,14.0278311050338,2.82594723527749,29.9031181966129,25
16.9,1354.12859465174,12.7625408948094,13.7795177497318,3.9170063985753,29.9305185881318,25
17,1354.14559754139,12.7623833988703,13.7801540143134,3.9167550887911,29.9580734323548,25
17.1,1354.09322906224,12.7962145195751,13.8079864181857,3.88140569977756,29.9856726956475,25
17.2,1354.14410284181,12.7623150290413,13.7800350144346,3.91688976141962,30.0132198482162,25
17.3,1354.14569897937,12.7623886110519,13.7801614053492,3.91674264204923,30.0407679986351,25
17.4,1354.14570491913,12.7623886991374,13.7801615224486,3.91674187574812,30.0683139738186,25
17.5,1354.14570493697,12.7623886958209,13.7801615186189,3.9167418751603,30.0958578309053,25
17.6,1354.1457049371,12.7623886958005,13.7801615186074,3.91674187516204,30.1233995703906,25
17.7,1354.1457049371,12.7623886957978,13.7801615186033,3.91674187516211,30.1509391924382,25
17.8,1354.14570493709,12.7623886957933,13.7801615186049,3.9167418751641,30.178476697211,25
17.9,1354.1457049371,12.7623886957907,13.7801615186057,3.91674187516202,30.2060120848718,25
18,1354.1457049371,12.7623886957951,13.7801615186041,3.91674187516209,30.2335453555833,25
18.1,1354.1457049371,12.7623886958005,13.7801615186049,3.916741875162,30.2610765095083,25
18.2,1354.14570493709,12.7623886957969,13.7801615186041,3.91674187516221,30.2886055468095,25
18.3,1354.14570493708,12.7623886957924,13.7801615186049,3.91674187516424,30.3161324676498,25
18.4,1354.14570493709,12.7623886957924,13.7801615186033,3.91674187516207,30.3436572721916,25
18.5,1354.14570493709,12.7623886957969,13.7801615186049,3.91674187516208,30.3711799605977,25
18.6,1354.14570493709,12.7623886957996,13.7801615186049,3.91674187516203,30.3987005330309,25
18.7,1354.14570493709,12.7623886957933,13.7801615186049,3.91674187516209,30.4262189896539,25
18.8,1354.14570493708,12.7623886957889,13.7801615186049,3.91674187516413,30.4537353306293,25
18.9,1354.14570493709,12.7623886957898,13.7801615186041,3.91674187516207,30.4812495561199,25
19,1354.14570493709,12.7623886957978,13.7801615186066,3.91674187516215,30.5087616662881,25
19.1,1354.14570493709,12.7623886957969,13.7801615186057,3.91674187516207,30.5362716612968,25
19.2,1354.14570493709,12.7623886957915,13.7801615186057,3.91674187516209,30.5637795413082,25
19.3,1354.14570493709,12.7623886957933,13.7801615186041,3.91674187516211,30.5912853064852,25
19.4,1354.14570493709,12.7623886957924,13.7801615186041,3.91674187516219,30.6187889569905,25
19.5,1354.58870422333,12.872074398735,13.9134063291595,3.82120196194219,30.6463474205429,25
19.6,1354.14509570941,12.7626548669049,13.7803990226388,3.91652972593114,30.673833947557,25
19.7,1354.14569283679,12.7623886384172,13.7801611484951,3.9167427633652,30.7013312530895,25
19.8,1354.15895461342,12.7688320069562,13.7871544322539,3.91083303046521,30.7288711541476,25
19.9,1354.1455763578,12.7623948752583,13.7801632512024,3.91674304067329,30.7563635606761,25
20,1354.58870338187,12.8720743864558,13.9134063022858,3.82120204563749,30.7839114813559,25
20.1,1354.1450957062,12.762654867165,13.7803990229366,3.91652972618013,30.8113874255229,25
20.2,1354.14569283677,12.7623886384181,13.7801611484984,3.91674276336563,30.8388741558019,25
20.3,1354.14570488151,12.762388697272,13.7801615198078,3.91674188042605,30.8663587718983,25
20.4,1354.14570493684,12.7623886958388,13.7801615186247,3.91674187517144,30.893841274472,25
20.5,1354.14570493707,12.7623886957969,13.7801615186041,3.91674187516285,30.9213216641595,25
20.6,1354.14570493708,12.7623886957987,13.7801615186206,3.91674187516238,30.9487999411259,25
20.7,1354.14570493708,12.7623886957915,13.7801615186503,3.91674187516251,30.9762761055337,25
20.8,1354.14570493707,12.7623886957933,13.7801615186272,3.9167418751625,31.0037501575453,25
20.9,1354.14570493707,12.762388695796,13.7801615186552,3.91674187516249,31.0312220973232,25
21,1354.14570493707,12.7623886957969,13.780161518647,3.91674187516296,31.0586919250301,25
21.1,1354.14570493707,12.7623886957987,13.7801615186255,3.91674187516258,31.0861596408283,25
21.2,1354.14570493707,12.762388695796,13.7801615186486,3.91674187516264,31.1136252448795,25
21.3,1354.14570493707,12.7623886957978,13.7801615186288,3.91674187516267,31.1410887373466,25
21.4,1354.14570493707,12.7623886957987,13.7801615186569,3.91674187516269,31.1685501183916,25
21.5,1354.14570493707,12.7623886957978,13.7801615186371,3.91674187516305,31.1960093881771,25
21.6,1354.14570493707,12.7623886957996,13.7801615186288,3.91674187516266,31.2234665468653,25
21.7,1354.14570493707,12.762388695796,13.7801615186404,3.91674187516275,31.2509215946188,25
21.8,1354.14570493707,12.7623886957996,13.7801615186321,3.91674187516275,31.2783745315995,25
21.9,1354.14570493707,12.7623886957969,13.7801615186486,3.91674187516267,31.3058253579698,25
22,1354.14570493706,12.7623886957978,13.7801615186371,3.91674187516307,31.333274073892,25
22.1,1354.14570493707,12.7623886957987,13.7801615186338,3.91674187516264,31.3607206795285,25
22.2,1354.14570493707,12.7623886957951,13.7801615186354,3.91674187516264,31.3881651750411,25
22.3,1354.14570493707,12.7623886957987,13.7801615186437,3.91674187516263,31.4156075605925,25
22.4,1354.17987166048,12.7717463769809,13.8233349368902,3.98118860331911,31.4430679172058,25
22.5,1354.14754320054,12.7630890662991,13.7810063467351,3.91623891404896,31.4705302037086,25
22.6,1354.14569735421,12.7623908894494,13.7801635813457,3.91674068964867,31.4979662260145,25
22.7,1354.17356783317,12.769730642143,13.7903186575513,3.91330240905909,31.5254441819086,25
22.8,1354.14573171425,12.7624334770812,13.7802101274341,3.91670913378554,31.5528761861653,25
22.9,1354.17987065022,12.7717464572336,13.8233349922938,3.98118860655118,31.5803259992207,25
23,1354.14754319326,12.7630890665067,13.7810063467977,3.91623891460318,31.6077777459062,25
23.1,1354.14569735418,12.7623908894538,13.7801635813474,3.91674068965038,31.6352032164625,25
23.2,1354.17356783317,12.769730642143,13.7903186575513,3.91330240905916,31.662670644579,25
23.3,1354.14573171425,12.7624334770821,13.7802101274357,3.91670913378567,31.6900920988134,25
23.4,1354.17987065022,12.7717464572416,13.8233349922905,3.98118860655138,31.7175313731277,25
23.5,1354.14754319326,12.7630890665084,13.7810063467994,3.91623891460306,31.7449725840069,25
23.6,1354.14569735417,12.7623908894565,13.7801635813474,3.91674068965054,31.7723875068645,25
23.7,1354.14570483557,12.7623886992897,13.7801615202227,3.9167418809972,31.7998003532491,25
23.8,1354.14570493651,12.7623886958361,13.7801615186536,3.91674187520162,31.827211091864,25
23.9,1354.14570493704,12.762388695804,13.780161518647,3.9167418751638,31.8546197231085,25
24,1354.14570493705,12.7623886958031,13.7801615186288,3.91674187516291,31.8820262471487,25
24.1,1354.14570493705,12.7623886957951,13.7801615186437,3.91674187516294,31.9094306641468,25
24.2,1354.14570493705,12.7623886957942,13.7801615186272,3.91674187516301,31.9368329742649,25
24.3,1354.14570493705,12.7623886958013,13.7801615186239,3.916741875163,31.9642331776645,25
24.4,1354.14570493704,12.7623886957987,13.780161518647,3.91674187516389,31.9916312745079,25
24.5,1354.14570493705,12.7623886958334,13.7801615186206,3.91674187516303,32.0190272649576,25
24.6,1354.14570493705,12.762388695837,13.7801615186503,3.91674187516303,32.0464211491748,25
24.7,1354.14570493705,12.762388695853,13.7801615186206,3.91674187516309,32.0738129273215,25
24.8,1354.14570493705,12.7623886958405,13.7801615186222,3.9167418751631,32.1012025995601,25
24.9,1354.14570493704,12.7623886958388,13.7801615186387,3.91674187516409,32.1285901660521,25
25,1354.14570493704,12.7623886958459,13.7801615186222,3.91674187516311,32.1559756269595,25
25.1,1354.06541483801,12.7529646743059,13.7707718517169,3.93504448944672,32.1833979962687,25
25.2,1354.14575033824,12.7624381473876,13.780227016161,3.91673024032064,32.2107845179492,25
25.3,1354.14570448781,12.7623890304627,13.7801618787446,3.91674170623159,32.2381636670419,25
25.4,1354.14570492656,12.7623886968097,13.7801615195281,3.91674187532529,32.2655407038553,25
25.5,1354.14570493697,12.7623886958423,13.7801615186272,3.91674187516741,32.2929156358635,25
25.6,1354.06541483801,12.752964674297,13.7707718517218,3.93504448944682,32.3203274975028,25
25.7,1354.14575033824,12.7624381473912,13.780227016166,3.91673024032053,32.3477034946615,25
25.8,1352.11095706238,12.5055340304758,13.4616541134929,4.27637683926761,32.37502112673,25
25.9,1354.14418574618,12.7624969657977,13.7804483408998,3.91724470800609,32.4024827332552,25
26,1354.14570750334,12.7623935375631,13.7801672264931,3.91673939251356,32.4298473610382,25
26.1,1354.06541475948,12.7529646927572,13.7707718697473,3.93504448276739,32.4572487159177,25
26.2,1354.14575033737,12.7624381474518,13.7802270162089,3.91673024036046,32.484614189194,25
26.3,1352.11095706237,12.5055340304667,13.4616541134996,4.27637683926789,32.5119212687697,25
26.4,1354.14418574617,12.762496965803,13.7804483409081,3.91724470800601,32.5393723999888,25
26.5,1354.14570750334,12.7623935375595,13.7801672264898,3.91673939251363,32.5667265036689,25
26.6,1354.14570484436,12.7623887149125,13.7801615371683,3.91674186947847,32.5940782804863,25
26.7,1354.14570493609,12.7623886958851,13.7801615186701,3.91674187520702,32.6214279541871,25
26.8,1354.14570493702,12.7623886958584,13.7801615186288,3.91674187516302,32.6487755252122,25
26.9,1354.14570493703,12.762388695853,13.7801615186305,3.91674187516344,32.6761209937276,25
27,1354.14570493703,12.7623886958477,13.7801615186404,3.91674187516335,32.7034643598948,25
27.1,1354.14570493703,12.7623886958352,13.7801615186437,3.9167418751634,32.7308056238756,25
27.2,1354.14570493703,12.7623886958423,13.7801615186387,3.91674187516337,32.7581447858318,25
27.3,1354.14570493702,12.7623886958512,13.7801615186255,3.91674187516277,32.7854818459246,25
27.4,1354.14570493702,12.7623886958477,13.7801615186288,3.91674187516341,32.8128168043157,25
27.5,1354.14570493702,12.7623886958459,13.780161518642,3.91674187516341,32.8401496611667,25
27.6,1354.14570493702,12.7623886958352,13.7801615186536,3.91674187516345,32.8674804166393,25
27.7,1354.14570493702,12.7623886958441,13.7801615186321,3.91674187516343,32.8948090708949,25
27.8,1354.14570493702,12.7623886958477,13.7801615186321,3.91674187516286,32.9221356240954,25
27.9,1354.14570493702,12.762388695853,13.7801615186272,3.9167418751635,32.949460076402,25
28,1354.14570493702,12.7623886958405,13.7801615186486,3.9167418751635,32.9767824279763,25
28.1,1354.14570493702,12.7623886958263,13.7801615186519,3.91674187516354,33.0041026789798,25
28.2,1351.62535975789,12.7728621015672,13.7633460930562,3.98696645238675,33.0314171745168,25
28.3,1354.13133030816,12.7610731236355,13.778500236196,3.91891160324227,33.0587806643994,25
28.4,1354.14567999376,12.7623903005362,13.7801640426927,3.91674575851491,33.0860952657221,25
28.5,1354.1457048627,12.7623887326999,13.7801615606265,3.9167418648587,33.113407114772,25
28.6,1354.14570493592,12.7623886959617,13.7801615187839,3.91674187514752,33.1407168619339,25
28.7,1351.62535975787,12.7728621015619,13.7633460930578,3.98696645238725,33.16802085253,25
28.8,1354.13133030816,12.7610731236337,13.7785002361927,3.91891160324227,33.1953738648665,25
28.9,1354.14567999376,12.7623903005452,13.780164042691,3.91674575851505,33.222677965102,25
29,1353.91286801627,12.7433173927813,13.7521583216382,3.94259073673353,33.2500158054183,25
29.1,1354.14503025795,12.7623460884127,13.7801166381402,3.91685882083358,33.2773229941589,25
29.2,1351.62535899206,12.7728624769826,13.7633465608596,3.9869664566917,33.304616521105,25
29.3,1354.13133030041,12.7610731262796,13.778500239008,3.9189116024239,33.3319590566071,25
29.4,1354.14567999366,12.7623903005594,13.7801640427075,3.91674575851663,33.359252656372,25
29.5,1354.14570486269,12.7623887327124,13.7801615606248,3.91674186485864,33.3865435047992,25
29.6,1354.14570493591,12.7623886959492,13.7801615187757,3.91674187514776,33.413832252951,25
29.7,1354.14570493701,12.7623886958281,13.7801615186602,3.91674187516164,33.4411189031089,25
29.8,1354.14570493701,12.7623886958334,13.7801615186437,3.91674187516406,33.4684034554412,25
29.9,1354.14570493701,12.7623886958388,13.7801615186272,3.91674187516399,33.4956859101083,25
30,1354.14570493701,12.7623886958316,13.780161518647,3.91674187516389,33.5229662672717,25
30.1,1354.145704937,12.7623886958227,13.7801615186272,3.91674187516403,33.5502445270928,25
30.2,1354.14570493701,12.7623886958316,13.7801615186618,3.91674187516125,33.5775206897329,25
30.3,1354.145704937,12.7623886958263,13.7801615186371,3.91674187516402,33.6047947553535,25
30.4,1354.145704937,12.7623886958299,13.7801615186305,3.91674187516402,33.6320667241152,25
30.5,1354.145704937,12.7623886958388,13.7801615186437,3.91674187516387,33.6593365961799,25
30.6,1354.145704937,12.7623886958245,13.7801615186354,3.91674187516401,33.6866043717083,25
30.7,1354.14570493701,12.7623886958281,13.7801615186503,3.91674187516151,33.7138700508617,25
30.8,1354.145704937,12.7623886958192,13.780161518642,3.91674187516412,33.7411336338013,25
30.9,1354.09322934863,12.796214502079,13.8079863962296,3.88140566839688,33.7684427308562,25
31,1354.1441028429,12.7623150287028,13.7800350141277,3.91688976144698,33.7956990155158,25
31.1,1354.14569897929,12.7623886110706,13.7801614053723,3.91674264204926,33.8229563658388,25
31.2,1354.14570491903,12.7623886991436,13.7801615224337,3.91674187575029,33.8502115624485,25
31.3,1354.14570493686,12.762388695853,13.7801615186635,3.91674187516269,33.8774646633123,25
31.4,1354.09322934862,12.7962145020701,13.8079863962247,3.881405668397,33.9047633037543,25
31.5,1354.1441028429,12.7623150286992,13.7800350141277,3.91688976144726,33.9320091063398,25
31.6,1357.6057521888,12.9661640144555,14.0278311050217,2.82594723528058,33.9594587959242,25
31.7,1354.12859465163,12.7625408948201,13.779517749731,3.91700639857774,33.9865448892967,25
31.8,1354.14559754128,12.7623833988979,13.7801540143373,3.91675508879352,34.0137879081453,25
31.9,1354.14570462985,12.7623887180606,13.7801615454299,3.91674190562585,34.0410284380695,25
32,1354.14570493558,12.7623886960882,13.7801615189324,3.91674187514489,34.0682668687531,25
32.1,1354.14570493699,12.7623886958174,13.7801615185975,3.91674187516184,34.0955032052962,25
32.2,1354.145704937,12.7623886958192,13.7801615186008,3.91674187516227,34.1227374478819,25
32.3,1354.14570493697,12.7623886958299,13.7801615186173,3.91674187516726,34.1499695966704,25
32.4,1354.14570493698,12.7623886958013,13.7801615186239,3.91674187516508,34.1771996518232,25
32.5,1354.14570493698,12.7623886958031,13.7801615186107,3.91674187516356,34.204427613501,25
32.6,1354.145704937,12.7623886958049,13.7801615185975,3.91674187516161,34.2316534818642,25
32.7,1354.14570493699,12.7623886958192,13.780161518609,3.91674187516225,34.258877257075,25
32.8,1354.14570493697,12.7623886958316,13.780161518614,3.91674187516676,34.286098939293,25
32.9,1354.14570493698,12.7623886957996,13.7801615186206,3.91674187516522,34.31331852868,25
33,1354.14570493698,12.7623886958103,13.780161518609,3.91674187516358,34.340536025397,25
33.1,1354.14570493699,12.7623886958049,13.7801615185975,3.91674187516168,34.3677514296042,25
33.2,1354.14570493699,12.7623886958156,13.7801615186123,3.91674187516228,34.3949647414628,25
33.3,1354.14570493697,12.7623886958352,13.7801615186107,3.91674187516678,34.4221759611334,25
33.4,1354.14570493697,12.7623886957978,13.7801615186206,3.91674187516527,34.4493850887775,25
33.5,1354.14570493698,12.7623886958085,13.7801615186057,3.91674187516369,34.4765921245556,25
33.6,1354.14570493699,12.7623886958049,13.7801615186024,3.9167418751618,34.5037970686284,25
33.7,1354.14570493699,12.7623886958103,13.7801615186107,3.91674187516246,34.5309999211567,25
33.8,1354.14570493697,12.7623886958316,13.7801615186123,3.91674187516688,34.5582006823014,25
33.9,1354.14570493697,12.7623886957942,13.7801615186239,3.91674187516536,34.5853993522233,25
34,1354.14570493697,12.7623886958103,13.7801615186123,3.91674187516369,34.6125959310831,25
34.1,1354.14570493698,12.7623886958085,13.7801615186024,3.91674187516211,34.6397904190413,25
34.2,1354.14570493698,12.7623886958067,13.7801615186074,3.91674187516266,34.6669828162591,25
34.3,1354.14570493696,12.7623886958299,13.7801615186123,3.91674187516696,34.6941731228969,25
34.4,1354.14570493697,12.7623886957942,13.7801615186272,3.91674187516542,34.7213613391159,25
34.5,1354.14570493697,12.7623886958085,13.780161518614,3.91674187516396,34.7485474650768,25
34.6,1354.15895466597,12.7688320060979,13.7871544317088,3.91083302517538,34.7757769070116,25
34.7,1354.14557635791,12.7623948751959,13.7801632512272,3.91674304066521,34.802958172847,25
34.8,1354.14570406343,12.7623886910053,13.7801614998237,3.91674195900447,34.8301380295269,25
34.9,1354.14570493349,12.7623886960846,13.7801615189555,3.91674187541383,34.8573157926641,25
35,1354.14570493694,12.7623886958067,13.7801615186272,3.91674187516444,34.8844914663049,25
35.1,1354.15895466596,12.7688320061014,13.7871544317055,3.91083302517568,34.9117104800864,25
35.2,1354.14557635791,12.7623948751977,13.7801632512272,3.91674304066521,34.9388812948594,25
35.3,1354.14570406343,12.7623886910106,13.780161499822,3.91674195900456,34.9660507016299,25
35.4,1354.14570493349,12.7623886960846,13.7801615189539,3.91674187541406,34.993218015659,25
35.5,1354.14570493694,12.7623886958067,13.7801615186321,3.91674187516459,35.0203832409955,25
35.6,1354.14570493697,12.7623886958013,13.7801615186008,3.91674187516248,35.0475463778408,25
35.7,1354.14570493697,12.7623886958138,13.7801615186024,3.91674187516303,35.0747074263558,25
35.8,1354.14570493695,12.7623886958227,13.780161518614,3.91674187516753,35.1018663867014,25
35.9,1354.14570493695,12.762388695796,13.7801615186272,3.91674187516566,35.1290232590377,25
36,1354.14570493696,12.7623886958067,13.7801615186239,3.91674187516408,35.1561780435253,25
36.1,1354.14570493697,12.762388695796,13.7801615186041,3.91674187516236,35.1833307403252,25
36.2,1354.14570493697,12.7623886958156,13.7801615186008,3.91674187516291,35.2104813495977,25
36.3,1354.14570493694,12.7623886958263,13.7801615186107,3.91674187516763,35.2376298715031,25
36.4,1354.14570493695,12.7623886958031,13.7801615186222,3.91674187516571,35.2647763062014,25
36.5,1354.14570493695,12.762388695812,13.7801615186189,3.91674187516435,35.2919206538535,25
36.6,1354.14570493697,12.7623886957978,13.7801615186024,3.91674187516252,35.3190629146199,25
36.7,1354.14570493696,12.7623886958156,13.7801615186024,3.91674187516299,35.3462030886614,25
36.8,1354.14570493694,12.7623886958299,13.7801615186107,3.91674187516774,35.3733411761378,25
36.9,1354.14570493695,12.7623886958031,13.7801615186222,3.91674187516578,35.4004771772097,25
37,1354.14570493695,12.7623886958138,13.780161518614,3.91674187516427,35.4276110920375,25
37.1,1354.14570493696,12.7623886957907,13.7801615186008,3.91674187516257,35.454742920782,25
37.2,1354.14570493696,12.7623886958192,13.7801615185991,3.91674187516323,35.4818726636034,25
37.3,1354.14570493694,12.7623886958227,13.7801615186074,3.91674187516791,35.5090003206618,25
37.4,1354.14570493694,12.7623886958013,13.7801615186305,3.91674187516584,35.5361258921175,25
37.5,1354.14570493695,12.7623886958103,13.7801615186107,3.91674187516439,35.5632493781312,25
37.6,1354.14570493696,12.7623886958013,13.7801615185958,3.91674187516276,35.5903707788631,25
37.7,1354.14570493695,12.7623886958227,13.7801615185975,3.91674187516324,35.6174900944734,25
37.8,1354.14570493693,12.7623886958227,13.780161518609,3.91674187516793,35.6446073251222,25
37.9,1354.14570493694,12.7623886958049,13.7801615186255,3.91674187516597,35.6717224709704,25
38,1354.14570493694,12.762388695812,13.7801615186123,3.91674187516452,35.6988355321782,25
38.1,1354.14570493695,12.7623886958013,13.7801615185942,3.91674187516275,35.7259465089056,25
38.2,1354.14570493695,12.7623886958227,13.7801615185942,3.9167418751633,35.7530554013125,25
38.3,1354.14570493693,12.7623886958192,13.7801615186057,3.91674187516798,35.7801622095597,25
38.4,1354.14570493694,12.7623886958013,13.7801615186239,3.9167418751661,35.807266933807,25
38.5,1354.14570493694,12.762388695812,13.7801615186189,3.91674187516445,35.8343695742154,25
38.6,1354.14570493694,12.7623886958067,13.7801615185859,3.91674187516535,35.8614701309439,25
38.7,1354.14570493695,12.7623886958263,13.7801615185909,3.91674187516338,35.8885686041536,25
38.8,1354.14570493693,12.7623886958192,13.7801615186057,3.91674187516805,35.9156649940043,25
38.9,1354.14570493693,12.7623886958031,13.7801615186288,3.91674187516642,35.9427593006569,25
39,1354.14570493693,12.7623886958103,13.7801615186222,3.91674187516459,35.9698515242708,25
39.1,1354.14570493694,12.7623886958085,13.7801615185876,3.91674187516548,35.9969416650062,25
39.2,1354.14570493694,12.7623886958299,13.7801615185991,3.91674187516351,36.0240297230235,25
39.3,1354.14570493692,12.7623886958192,13.7801615186074,3.91674187516803,36.0511156984831,25
39.4,1354.14570493693,12.7623886957996,13.7801615186288,3.91674187516647,36.0781995915444,25
39.5,1354.14570493693,12.7623886958085,13.7801615186255,3.91674187516458,36.105281402368,25
39.6,1354.14570493693,12.7623886958067,13.7801615185925,3.9167418751655,36.1323611311136,25
39.7,1354.14570493694,12.7623886958352,13.7801615185975,3.91674187516342,36.1594387779413,25
39.8,1354.14570493692,12.7623886958174,13.780161518609,3.91674187516817,36.1865143430117,25
39.9,1354.14570493692,12.7623886958013,13.7801615186305,3.9167418751664,36.2135878264841,25
40,1354.14570493693,12.7623886958085,13.7801615186239,3.91674187516489,36.240659228519,25
40.1,1352.11095734834,12.5055337148898,13.4616537671926,4.27637701292613,36.2676768006742,25
40.2,1354.14418575555,12.7624969648446,13.7804483401276,3.91724470791031,36.2948405494836,25
40.3,1354.14570750329,12.7623935376148,13.7801672265228,3.91673939251456,36.3219059320753,25
40.4,1354.14570484424,12.7623887149428,13.7801615371931,3.91674186948184,36.3489690067938,25
40.5,1354.14570493599,12.7623886958477,13.7801615186965,3.91674187520858,36.376030000587,25
40.6,1355.93653532632,13.0560789082073,14.1313446892028,3.56634142680516,36.4032119696441,25
40.7,1354.145537595,12.7624896159739,13.7800904115922,3.91629150748679,36.430191046622,25
40.8,1354.14569078431,12.7623852293737,13.780157186321,3.91674466978247,36.457245665803,25
40.9,1354.14570494925,12.7623886851421,13.7801615084136,3.91674188357992,36.4842983355134,25
41,1354.14570493732,12.7623886958013,13.7801615186305,3.91674187514105,36.5113489250427,25
41.1,1354.14570493692,12.7623886957996,13.7801615186024,3.91674187516486,36.5383974348944,25
41.2,1354.14570493693,12.7623886958299,13.7801615185892,3.91674187516388,36.5654438652285,25
41.3,1354.14570493691,12.7623886958138,13.7801615186107,3.91674187516857,36.592488216205,25
41.4,1354.14570493691,12.7623886958013,13.7801615186321,3.91674187516673,36.6195304879837,25
41.5,1354.14570493692,12.7623886958049,13.7801615186255,3.9167418751651,36.6465706807242,25
41.6,1354.14570493691,12.7623886957996,13.7801615185991,3.91674187516517,36.6736087945865,25
41.7,1354.14570493692,12.7623886958263,13.7801615185892,3.9167418751641,36.7006448297306,25
41.8,1354.1457049369,12.7623886958138,13.7801615186074,3.91674187516855,36.7276787863162,25
41.9,1354.14570493691,12.7623886957996,13.7801615186338,3.91674187516688,36.7547106645029,25
42,1354.14570493691,12.7623886958085,13.7801615186255,3.91674187516528,36.7817404644505,25
42.1,1354.14570493691,12.7623886958049,13.7801615186536,3.91674187516536,36.8087681863192,25
42.2,1354.14570493692,12.7623886958281,13.7801615186635,3.91674187516411,36.8357938302683,25
42.3,1354.1457049369,12.7623886958138,13.7801615186503,3.91674187516868,36.8628173964579,25
42.4,1354.1457049369,12.7623886958031,13.7801615186338,3.91674187516691,36.8898388850476,25
42.5,1354.14570493691,12.762388695812,13.7801615186371,3.9167418751653,36.9168582961973,25
42.6,1354.14570493691,12.7623886958085,13.780161518647,3.91674187516546,36.9438756300669,25
42.7,1354.14570493691,12.7623886958281,13.7801615186734,3.91674187516421,36.9708908868154,25
42.8,1354.14570493689,12.7623886958085,13.7801615186404,3.91674187516885,36.9979040666027,25
42.9,1354.1457049369,12.7623886958067,13.7801615186305,3.91674187516705,37.0249151695882,25
43,1354.1457049369,12.7623886958067,13.7801615186338,3.91674187516548,37.0519241959323,25
43.1,1354.1457049369,12.7623886958067,13.780161518647,3.91674187516552,37.0789311457943,25
43.2,1354.14570493691,12.7623886958299,13.7801615186701,3.91674187516427,37.1059360193338,25
43.3,1354.14570493689,12.762388695812,13.7801615186404,3.91674187516889,37.1329388167107,25
43.4,1354.1457049369,12.762388695812,13.7801615186272,3.91674187516711,37.1599395380846,25
43.5,1354.1457049369,12.7623886958067,13.7801615186305,3.91674187516567,37.1869381836147,25
43.6,1354.1457049369,12.7623886958049,13.7801615186536,3.9167418751657,37.2139347534607,25
43.7,1354.14570493691,12.7623886958388,13.7801615186701,3.91674187516431,37.2409292477826,25
43.8,1354.14570493689,12.7623886958138,13.7801615186305,3.91674187516912,37.2679216667397,25
43.9,1354.14570493689,12.7623886958067,13.7801615186272,3.91674187516731,37.2949120104915,25
44,1354.1457049369,12.7623886958013,13.7801615186272,3.9167418751656,37.3219002791974,25
44.1,1354.1457049369,12.7623886958049,13.7801615186602,3.91674187516568,37.3488864730173,25
44.2,1354.1457049369,12.7623886958334,13.7801615186569,3.91674187516464,37.3758705921105,25
44.3,1354.14570493688,12.7623886958103,13.7801615186206,3.91674187516924,37.4028526366364,25
44.4,1354.14570493689,12.7623886958031,13.7801615186338,3.91674187516734,37.4298326067548,25
44.5,1354.14570493689,12.7623886958085,13.7801615186206,3.91674187516574,37.4568105026251,25
44.6,1354.14570493689,12.7623886958013,13.7801615186635,3.91674187516565,37.4837863244067,25
44.7,1354.1457049369,12.7623886958334,13.7801615186503,3.91674187516415,37.5107600722589,25
44.8,1354.14570493688,12.7623886958138,13.7801615186206,3.91674187516929,37.5377317463414,25
44.9,1354.14570493688,12.7623886958085,13.7801615186338,3.91674187516751,37.5647013468135,25
45,1354.14570493689,12.7623886958031,13.7801615186272,3.91674187516586,37.5916688738348,25
45.1,1354.14570493689,12.7623886957996,13.7801615186437,3.91674187516589,37.6186343275644,25
45.2,1354.1457049369,12.7623886958299,13.780161518647,3.91674187516435,37.6455977081617,25
45.3,1354.14570493687,12.7623886958156,13.7801615186173,3.91674187516937,37.6725590157862,25
45.4,1354.14570493688,12.7623886958156,13.7801615186206,3.91674187516764,37.6995182505976,25
45.5,1354.14570493688,12.7623886958031,13.7801615186338,3.91674187516602,37.7264754127546,25
45.6,1354.14570493688,12.7623886957996,13.7801615186536,3.91674187516599,37.7534305024174,25
45.7,1354.14570493689,12.7623886958227,13.7801615186503,3.91674187516444,37.7803835197445,25
45.8,1354.14570493687,12.7623886958138,13.7801615186041,3.91674187516946,37.8073344648953,25
45.9,1354.14570493688,12.7623886958192,13.7801615186206,3.9167418751677,37.8342833380295,25
46,1354.14570493688,12.7623886958013,13.7801615186371,3.91674187516603,37.8612301393065,25
46.1,1354.14570493688,12.7623886957996,13.7801615186371,3.91674187516608,37.8881748688855,25
46.2,1354.14570493689,12.7623886958245,13.7801615186404,3.91674187516445,37.9151175269256,25
46.3,1354.14570493687,12.7623886958067,13.780161518614,3.91674187516961,37.9420581135861,25
46.4,1357.60575830596,12.9661640788316,14.0278311990697,2.82594642233278,37.9692025352798,25
46.5,1354.12859466722,12.7625408918289,13.7795177462064,3.91700639799237,37.9959779406648,25
46.6,1354.14559754128,12.7623833988908,13.7801540142565,3.91675508879769,38.0229127162044,25
46.7,1354.14570462975,12.7623887180873,13.7801615454431,3.91674190562577,38.0498450205157,25
46.8,1354.14570493545,12.7623886961773,13.7801615189506,3.91674187515045,38.0767752492075,25
46.9,1354.14570493685,12.7623886958156,13.7801615186371,3.91674187517009,38.103703407454,25
47,1354.14570493687,12.7623886958031,13.7801615186305,3.91674187516613,38.1306294954355,25
47.1,1354.14570493687,12.7623886958013,13.7801615186503,3.91674187516633,38.1575535133117,25
47.2,1354.14570493688,12.7623886958245,13.780161518647,3.91674187516455,38.1844754612411,25
47.3,1354.14570493686,12.7623886958103,13.7801615186206,3.91674187516974,38.2113953393829,25
47.4,1354.14570493685,12.7623886958156,13.7801615186404,3.91674187517016,38.2383131478964,25
47.5,1354.14570493687,12.7623886958031,13.7801615186371,3.91674187516623,38.2652288869411,25
47.6,1354.14570493687,12.7623886958013,13.7801615186602,3.9167418751663,38.2921425566756,25
47.7,1354.14570493688,12.7623886958192,13.7801615186701,3.91674187516457,38.319054157259,25
47.8,1354.14570493686,12.762388695812,13.7801615186239,3.91674187516976,38.3459636888507,25
47.9,1354.14570493685,12.7623886958245,13.7801615186239,3.91674187517021,38.3728711516095,25
48,1354.14570493687,12.7623886957996,13.7801615186371,3.91674187516615,38.3997765456946,25
48.1,1354.14570493686,12.7623886958049,13.7801615186536,3.91674187516632,38.4266798712647,25
48.2,1354.14570493687,12.7623886958227,13.7801615186635,3.91674187516468,38.4535811284793,25
48.3,1354.14570493685,12.7623886958156,13.7801615186338,3.91674187516994,38.4804803174971,25
48.4,1354.14570493684,12.7623886958209,13.7801615186272,3.91674187517019,38.5073774384777,25
48.5,1354.14570493686,12.7623886957996,13.7801615186404,3.91674187516626,38.5342724915795,25
48.6,1354.14570493686,12.7623886957978,13.7801615186503,3.91674187516636,38.5611654769615,25
48.7,1354.14570493687,12.7623886958192,13.7801615186734,3.91674187516469,38.5880563947827,25
48.8,1354.14570493685,12.7623886958156,13.7801615186503,3.91674187517001,38.6149452452017,25
48.9,1354.14570493684,12.7623886958281,13.7801615186239,3.91674187517034,38.6418320283785,25
49,1354.14570493686,12.7623886958049,13.7801615186503,3.91674187516646,38.6687167444714,25
49.1,1354.14570493686,12.7623886958013,13.7801615186503,3.91674187516652,38.6955993936391,25
49.2,1354.14570493687,12.7623886958174,13.78016151868,3.91674187516483,38.7224799760412,25
49.3,1354.14570493685,12.7623886958209,13.7801615186437,3.91674187517005,38.749358491836,25
49.4,1354.14570493684,12.7623886958352,13.7801615186272,3.91674187517043,38.7762349411824,25
49.5,1354.14570493685,12.7623886958067,13.7801615186404,3.91674187516664,38.8031093242394,25
49.6,1354.14570493685,12.7623886958049,13.7801615186569,3.91674187516656,38.8299816411659,25
49.7,1354.14570493686,12.7623886957853,13.7801615186734,3.91674187516486,38.8568518921209,25
49.8,1354.14570493684,12.7623886957497,13.7801615186371,3.91674187517025,38.8837200772631,25
49.9,1354.14570493684,12.7623886957675,13.7801615186239,3.91674187517061,38.9105861967511,25
50,1354.14570493685,12.7623886957746,13.7801615186239,3.91674187516662,38.9374502507438,25
50.1,1354.14570493685,12.7623886957889,13.7801615186536,3.91674187516671,38.9643122393998,25
50.2,1354.14570493686,12.7623886957853,13.7801615186701,3.91674187516503,38.9911721628785,25
50.3,1354.14570493684,12.7623886957532,13.7801615186437,3.91674187517031,39.0180300213382,25
50.4,1354.14570493683,12.7623886957675,13.7801615186239,3.91674187517072,39.0448858149379,25
50.5,1354.14570493685,12.7623886957817,13.7801615186272,3.91674187516744,39.071739543836,25
50.6,1354.14570493685,12.7623886957853,13.7801615186569,3.9167418751669,39.0985912081914,25
50.7,1354.14570493686,12.7623886957817,13.7801615186668,3.91674187516514,39.1254408081629,25
50.8,1354.14570493684,12.7623886957532,13.7801615186404,3.91674187517031,39.1522883439097,25
50.9,1354.14570493683,12.7623886957532,13.7801615186305,3.91674187517085,39.17913381559,25
51,1354.14570493685,12.7623886957782,13.7801615186305,3.9167418751676,39.2059772233625,25
51.1,1354.14570493684,12.7623886957889,13.7801615186404,3.9167418751669,39.2328185673858,25
51.2,1354.14570493685,12.7623886957889,13.7801615186635,3.91674187516522,39.2596578478184,25
51.3,1354.14570493683,12.7623886957532,13.7801615186437,3.91674187517045,39.2864950648192,25
51.4,1354.14570493682,12.7623886957568,13.7801615186272,3.91674187517078,39.3133302185469,25
51.5,1354.14570493684,12.7623886957746,13.7801615186371,3.91674187516767,39.34016330916,25
51.6,1354.14570493684,12.762388695796,13.7801615186437,3.9167418751671,39.366994336817,25
51.7,1354.14570493685,12.7623886957924,13.7801615186635,3.91674187516551,39.3938233016768,25
51.8,1354.14570493683,12.7623886957604,13.7801615186503,3.91674187517049,39.4206502038979,25
51.9,1354.14570493682,12.7623886957568,13.7801615186338,3.91674187517083,39.447475043639,25
52,1354.14570493684,12.7623886957746,13.7801615186239,3.91674187516772,39.474297821058,25
52.1,1354.14570493683,12.7623886957924,13.780161518647,3.91674187516718,39.5011185363145,25
52.2,1354.14570493684,12.7623886957853,13.7801615186701,3.9167418751655,39.527937189566,25
52.3,1354.17356792798,12.7697306392727,13.7903186566378,3.91330240362405,39.5547991469619,25
52.4,1354.14573171452,12.7624334770794,13.7802101273747,3.91670913375538,39.5816138513641,25
52.5,1354.17987065,12.7717464572656,13.8233349923283,3.98118860655588,39.6084470246653,25
52.6,1354.14754319303,12.7630890665236,13.7810063467763,3.91623891460767,39.6352823033063,25
52.7,1354.14569735396,12.7623908893772,13.7801635813276,3.91674068965295,39.662090610004,25
52.8,1354.14570483534,12.7623886993271,13.780161520231,3.91674188100507,39.6888968878088,25
52.9,1354.14570493627,12.7623886957996,13.7801615186734,3.9167418752098,39.7157011044697,25
53,1354.14570493682,12.7623886957639,13.7801615186272,3.91674187516893,39.7425032603905,25
53.1,1354.14570493683,12.7623886957924,13.7801615186437,3.9167418751674,39.7693033557336,25
53.2,1354.14570493684,12.7623886957853,13.7801615186503,3.91674187516559,39.7961013906572,25
53.3,1354.17356792798,12.769730639287,13.7903186566346,3.91330240362416,39.8229427765357,25
53.4,1354.14573171451,12.7624334770794,13.7802101273879,3.91670913375572,39.8497368659543,25
53.5,1354.14570383587,12.7623887824562,13.7801615805223,3.91674188631757,39.8765287162817,25
53.6,1354.14570492907,12.7623886960632,13.7801615188351,3.91674187573671,39.9033185076519,25
53.7,1354.14570493679,12.7623886957853,13.7801615186536,3.91674187516797,39.9301062393518,25
53.8,1354.14570493681,12.7623886957497,13.7801615186734,3.916741875171,39.9568919115822,25
53.9,1354.14570493681,12.7623886957532,13.7801615186437,3.91674187517135,39.9836755245026,25
54,1354.17987166024,12.7717463770317,13.8233349368836,3.98118860332429,40.0104778186238,25
54.1,1354.1475432003,12.7630890662884,13.7810063466938,3.91623891405356,40.0372822258518,25
54.2,1354.14569735398,12.7623908893701,13.7801635813507,3.91674068965131,40.0640596263292,25
54.3,1354.14570483533,12.76238869932,13.7801615202277,3.91674188100536,40.090835000338,25
54.4,1354.14570493625,12.762388695796,13.7801615186866,3.91674187521015,40.117608315579,25
54.5,1354.14570493681,12.762388695739,13.7801615186272,3.91674187516921,40.144379572455,25
54.6,1354.14570493682,12.7623886957924,13.7801615186536,3.91674187516762,40.1711487711283,25
54.7,1354.14570493683,12.7623886957924,13.7801615186503,3.91674187516589,40.197915911758,25
54.8,1354.14570493681,12.7623886957283,13.7801615186767,3.91674187517101,40.2246809945023,25
54.9,1354.1457049368,12.7623886957604,13.7801615186503,3.91674187517144,40.2514440195191,25
55,1354.14570493681,12.7623886957461,13.7801615186173,3.91674187516905,40.2782049869668,25
55.1,1354.14570493681,12.762388695796,13.7801615186536,3.91674187516774,40.3049638970031,25
55.2,1354.14570493682,12.7623886957817,13.780161518647,3.91674187516605,40.3317207497868,25
55.3,1354.1457049368,12.7623886957426,13.7801615186734,3.91674187517114,40.3584755454758,25
55.4,1354.14570493679,12.7623886957532,13.7801615186437,3.91674187517144,40.3852282842282,25
55.5,1354.14570493681,12.7623886957497,13.7801615186008,3.91674187516912,40.4119789662024,25
55.6,1354.14570493681,12.7623886957853,13.7801615186437,3.91674187516783,40.4387275915559,25
55.7,1354.14570493682,12.7623886957782,13.780161518647,3.9167418751662,40.4654741604475,25
55.8,1354.1457049368,12.7623886957532,13.7801615186569,3.91674187517123,40.4922186730346,25
55.9,1354.14570493679,12.7623886957568,13.780161518647,3.9167418751716,40.5189611294762,25
56,1354.1457049368,12.7623886957497,13.7801615185909,3.91674187516917,40.5457015299301,25
56.1,1354.1457049368,12.7623886957853,13.7801615186404,3.91674187516796,40.5724398745541,25
56.2,1354.14570493682,12.7623886957711,13.780161518647,3.91674187516622,40.5991761635062,25
56.3,1354.14570493679,12.7623886957568,13.780161518647,3.91674187517147,40.6259103969447,25
56.4,1354.14570493679,12.7623886957639,13.7801615186404,3.91674187517178,40.6526425750274,25
56.5,1354.1457049368,12.7623886957461,13.7801615185975,3.91674187516932,40.6793726979124,25
56.6,1354.1457049368,12.7623886957924,13.7801615186404,3.91674187516808,40.706100765758,25
56.7,1354.14570493681,12.7623886957711,13.7801615186437,3.91674187516628,40.7328267787216,25
56.8,1354.1457049368,12.7623886957532,13.780161518647,3.91674187516936,40.7595507369617,25
56.9,1354.14570493678,12.7623886957675,13.7801615186272,3.91674187517182,40.7862726406364,25
57,1354.14570493679,12.7623886957497,13.7801615186008,3.91674187516957,40.8129924899027,25
57.1,1354.1457049368,12.7623886957996,13.7801615186371,3.91674187516816,40.8397102849196,25
57.2,1354.14570493681,12.7623886957746,13.7801615186437,3.91674187516632,40.8664260258445,25
57.3,1354.1457049368,12.7623886957675,13.7801615186569,3.91674187516935,40.8931397128347,25
57.4,1354.14570493678,12.7623886957711,13.7801615186272,3.91674187517196,40.9198513460494,25
57.5,1354.14570493679,12.7623886957461,13.7801615186107,3.91674187516949,40.9465609256458,25
57.6,1353.91286806977,12.7433173577671,13.7521582812167,3.94259074752206,40.9733060166478,25
57.7,1354.1450302587,12.7623460883182,13.7801166380313,3.91685882086014,41.0000196643407,25
57.8,1351.62535899186,12.7728624769897,13.763346560929,3.98696645669696,41.0267193560739,25
57.9,1354.13133030017,12.7610731262672,13.7785002390657,3.91891160243228,41.0534696038341,25
58,1354.14567999343,12.7623903006396,13.7801640426894,3.91674575852273,41.0801695850794,25
58.1,1353.91286801605,12.7433173928277,13.7521583216713,3.94259073673827,41.1069044248514,25
58.2,1354.14503025774,12.7623460884928,13.7801166381831,3.91685882083627,41.1336078054052,25
58.3,1351.62535899185,12.7728624769861,13.7633465609158,3.98696645669754,41.1602972249049,25
58.4,1354.13133030017,12.7610731262672,13.7785002390657,3.91891160243241,41.1870372271997,25
58.5,1354.14567999343,12.7623903006431,13.7801640426828,3.91674575852289,41.2137269399603,25
58.6,1353.91286801604,12.743317392842,13.7521583216812,3.94259073673833,41.2404515302578,25
58.7,1354.14503025774,12.7623460884857,13.7801166381798,3.91685882083624,41.2671446476096,25
58.8,1351.62535899184,12.7728624769826,13.7633465609224,3.9869664566977,41.2938237988202,25
58.9,1354.13133030017,12.7610731262707,13.7785002390657,3.91891160243245,41.3205535595846,25
59,1354.14567999342,12.7623903006538,13.7801640426795,3.91674575852287,41.347233007803,25
59.1,1353.91286801604,12.7433173928491,13.7521583216878,3.9425907367383,41.3739473525624,25
59.2,1354.14503025773,12.762346088475,13.7801166381765,3.9168588208364,41.4006302106533,25
59.3,1351.62535899184,12.7728624769826,13.7633465609257,3.98696645669764,41.4272990975185,25
59.4,1354.13133030016,12.7610731262707,13.778500239069,3.91891160243242,41.4540186206848,25
59.5,1354.14567999342,12.762390300661,13.7801640426663,3.9167457585229,41.4806878083032,25
59.6,1353.91286801603,12.7433173928598,13.7521583216978,3.9425907367384,41.5073919114586,25
59.7,1354.14503025773,12.7623460884893,13.7801166381666,3.91685882083652,41.5340645142282,25
59.8,1354.14570400533,12.7623890757668,13.7801619888364,3.91674187471606,41.5607269144317,25
59.9,1354.14570492724,12.7623886985682,13.7801615215048,3.91674187444044,41.5873872229586,25
60,1354.14570493666,12.7623886957711,13.7801615186635,3.9167418751724,41.614045481703,25
60.1,1354.14570493677,12.762388695796,13.7801615186404,3.91674187516857,41.6407016909321,25
60.2,1354.14570493679,12.7623886957711,13.780161518647,3.91674187516684,41.6673558508033,25
60.3,1354.14570493678,12.7623886957639,13.7801615186767,3.91674187516742,41.6940079614756,25
60.4,1354.14570493676,12.7623886957461,13.7801615186437,3.9167418751724,41.7206580231059,25
60.5,1354.14570493677,12.7623886957711,13.7801615186371,3.91674187517011,41.7473060358516,25
60.6,1354.14570493677,12.7623886957924,13.7801615186371,3.91674187516863,41.7739519998699,25
60.7,1354.14570493678,12.7623886957568,13.7801615186503,3.91674187516696,41.8005959153192,25
60.8,1354.14570493678,12.7623886957532,13.7801615186701,3.91674187516751,41.8272377823567,25
60.9,1354.14570493675,12.7623886957426,13.7801615186437,3.91674187517262,41.8538776011393,25
61,1354.14570493676,12.7623886957711,13.7801615186305,3.91674187517036,41.8805153718251,25
61.1,1354.14570493676,12.7623886957924,13.7801615186338,3.91674187516891,41.9071510945716,25
61.2,1354.14570493678,12.7623886957604,13.7801615186635,3.91674187516709,41.9337847695357,25
61.3,1354.14570493677,12.7623886957604,13.7801615186701,3.91674187516772,41.960416396875,25
61.4,1354.14570493675,12.7623886957319,13.7801615186371,3.9167418751727,41.9870459767474,25
61.5,1354.14570493676,12.7623886957782,13.7801615186404,3.91674187517045,42.0136735093099,25
61.6,1354.14570493676,12.762388695796,13.7801615186338,3.91674187516898,42.0402989947202,25
61.7,1354.14570493677,12.7623886957532,13.7801615186668,3.91674187516722,42.0669224331351,25
61.8,1354.14570493677,12.7623886957639,13.7801615186569,3.91674187516777,42.0935438247122,25
61.9,1354.14570493674,12.7623886957283,13.7801615186239,3.91674187517289,42.1201631696089,25
62,1354.14570493675,12.7623886957746,13.7801615186371,3.91674187517052,42.1467804679831,25
62.1,1354.14570493676,12.7623886957924,13.7801615186371,3.91674187516902,42.1733957199917,25
62.2,1354.14570493677,12.7623886957568,13.7801615186635,3.91674187516737,42.2000089257922,25
62.3,1354.14570493676,12.7623886957568,13.780161518647,3.91674187516799,42.2266200855415,25
62.4,1354.14570493675,12.7623886957247,13.7801615186206,3.91674187517229,42.2532291993971,25
62.5,1354.14570493675,12.7623886957746,13.7801615186305,3.91674187517068,42.2798362675163,25
62.6,1354.14570493675,12.7623886957889,13.7801615186371,3.9167418751692,42.3064412900566,25
62.7,1354.14570493676,12.7623886957711,13.7801615186635,3.9167418751675,42.333044267175,25
62.8,1354.14570493676,12.7623886957639,13.780161518647,3.916741875168,42.3596451990287,25
62.9,1354.58870422298,12.8720743987757,13.9134063291399,3.82120196195292,42.386303582959,25
63,1354.14509570907,12.7626548668924,13.7803990226718,3.91652972593966,42.4128869480995,25
63.1,1354.14569283646,12.7623886384145,13.780161148481,3.91674276337227,42.4394817430832,25
63.2,1354.1589546131,12.7688320070327,13.7871544322563,3.91083303047044,42.4661212202024,25
63.3,1354.14557635748,12.7623948752351,13.7801632512008,3.91674304067888,42.4927112246722,25
63.4,1354.58870338152,12.8720743865203,13.913406302352,3.82120204564814,42.5193594115435,25
63.5,1354.14509570587,12.7626548671561,13.7803990229919,3.91652972618838,42.5459325406596,25
63.6,1354.14569283644,12.7623886384216,13.780161148481,3.91674276337269,42.5725171069607,25
63.7,1354.15895461309,12.7688320070399,13.7871544322398,3.91083303047065,42.5991463790457,25
63.8,1354.14557635748,12.762394875228,13.7801632512074,3.91674304067911,42.6257261560622,25
63.9,1354.58870338151,12.8720743865239,13.9134063023454,3.82120204564822,42.6523641457206,25
64,1354.14509570586,12.7626548671597,13.7803990229985,3.91652972618857,42.6789270427027,25
64.1,1354.14569283644,12.7623886383468,13.7801611484216,3.91674276337145,42.7055013842486,25
64.2,1354.14570488116,12.7623886971714,13.7801615198053,3.91674188043668,42.7320736817131,25
64.3,1354.14570493651,12.7623886958459,13.7801615187361,3.91674187517657,42.7586439357734,25
64.4,1354.14570493672,12.7623886958423,13.7801615186602,3.91674187517326,42.7852121470815,25
64.5,1354.14570493674,12.7623886958138,13.7801615186767,3.91674187516965,42.8117783157978,25
64.6,1354.14570493675,12.7623886957853,13.7801615186635,3.91674187516825,42.8383424420795,25
64.7,1354.14570493672,12.7623886958031,13.7801615186635,3.91674187517343,42.8649045260833,25
64.8,1354.14570493674,12.7623886957889,13.7801615186668,3.91674187516778,42.8914645679668,25
64.9,1354.14570493672,12.7623886958388,13.7801615186602,3.91674187517338,42.9180225678864,25
65,1354.14570493673,12.7623886958174,13.7801615186668,3.91674187516983,42.9445785259993,25
65.1,1354.14570493674,12.7623886957853,13.7801615186668,3.91674187516842,42.9711324424628,25
65.2,1354.14570493672,12.7623886958031,13.7801615186635,3.91674187517339,42.9976843174337,25
65.3,1354.14570493674,12.7623886957889,13.7801615186635,3.91674187516849,43.0242341510687,25
65.4,1354.14570493672,12.7623886958459,13.7801615186635,3.91674187517334,43.0507819435247,25
65.5,1354.14570493673,12.7623886958245,13.7801615186635,3.91674187516983,43.0773276949588,25
65.6,1354.14570493674,12.7623886957853,13.7801615186569,3.91674187516842,43.1038714055279,25
65.7,1354.14570493671,12.7623886958067,13.7801615186602,3.91674187517347,43.1304130753886,25
65.8,1354.14570493674,12.7623886957996,13.7801615186569,3.91674187516858,43.1569527046983,25
65.9,1354.14570493671,12.7623886958388,13.7801615186668,3.91674187517342,43.1834902936139,25
66,1354.14570493673,12.7623886958209,13.7801615186635,3.91674187516997,43.210025842292,25
66.1,1354.14570493674,12.7623886957889,13.7801615186569,3.91674187516847,43.2365593508893,25
66.2,1354.14570493671,12.7623886958067,13.7801615186569,3.91674187517375,43.2630908195632,25
66.3,1354.14570493673,12.762388695796,13.7801615186569,3.9167418751687,43.2896202484701,25
66.4,1354.14570493671,12.7623886958423,13.7801615186701,3.91674187517362,43.3161476377666,25
66.5,1354.14570493672,12.7623886958209,13.7801615186668,3.91674187517005,43.3426729876099,25
66.6,1354.14570493673,12.762388695796,13.7801615186602,3.91674187516856,43.3691962981565,25
66.7,1354.14570493671,12.7623886958067,13.7801615186569,3.9167418751739,43.3957175695635,25
66.8,1354.14570493673,12.762388695796,13.7801615186536,3.9167418751688,43.4222368019875,25
66.9,1354.14570493671,12.7623886958423,13.7801615186668,3.91674187517364,43.4487539955852,25
67,1354.14570493672,12.7623886958174,13.7801615186635,3.91674187517017,43.4752691505137,25
67.1,1354.14570493673,12.7623886957996,13.7801615186569,3.91674187516874,43.5017822669292,25
67.2,1354.1457049367,12.7623886957996,13.7801615186635,3.91674187517389,43.5282933449894,25
67.3,1354.14570493673,12.7623886957996,13.7801615186503,3.91674187516882,43.5548023848495,25
67.4,1354.1457049367,12.7623886958459,13.7801615186668,3.91674187517377,43.581309386667,25
67.5,1354.14570493671,12.7623886958138,13.7801615186668,3.91674187517028,43.6078143505988,25
67.6,1354.14570493672,12.7623886958031,13.7801615186536,3.91674187516886,43.6343172768017,25
67.7,1354.1457049367,12.7623886957996,13.7801615186668,3.91674187517385,43.6608181654318,25
67.8,1354.14570493672,12.762388695796,13.7801615186503,3.91674187516891,43.6873170166459,25
67.9,1354.1457049367,12.7623886958494,13.7801615186734,3.91674187517382,43.7138138306011,25
68,1354.14570493671,12.7623886958138,13.7801615186668,3.91674187517034,43.7403086074537,25
68.1,1354.14570493672,12.7623886957996,13.7801615186569,3.91674187516889,43.76680134736,25
68.2,1354.1457049367,12.762388695796,13.7801615186701,3.91674187517395,43.793292050477,25
68.3,1354.14570493672,12.7623886957924,13.780161518647,3.91674187516893,43.8197807169615,25
68.4,1354.14570493669,12.7623886958459,13.7801615186767,3.91674187517397,43.8462673469696,25
68.5,1354.14570493671,12.7623886958067,13.7801615186635,3.91674187517044,43.8727519406579,25
68.6,1354.14570493672,12.762388695796,13.7801615186602,3.91674187516903,43.8992344981828,25
68.7,1354.14570493669,12.7623886957853,13.7801615186701,3.91674187517404,43.9257150197008,25
68.8,1354.14570493671,12.7623886957924,13.7801615186569,3.91674187516917,43.952193505369,25
68.9,1354.14570493669,12.7623886958494,13.7801615186734,3.91674187517401,43.9786699553438,25
69,1354.1457049367,12.7623886958067,13.7801615186602,3.9167418751705,44.0051443697814,25
69.1,1354.14570493671,12.7623886957996,13.7801615186602,3.91674187516911,44.0316167488387,25
69.2,1354.14570493669,12.7623886957782,13.7801615186668,3.91674187517411,44.0580870926716,25
69.3,1354.14570493671,12.7623886957924,13.7801615186602,3.91674187516926,44.0845554014373,25
69.4,1354.14570493669,12.7623886958494,13.7801615186701,3.9167418751741,44.1110216752916,25
69.5,1354.1457049367,12.7623886957996,13.7801615186701,3.91674187517058,44.1374859143915,25
69.6,1354.14570493671,12.762388695796,13.7801615186701,3.91674187516923,44.1639481188929,25
69.7,1354.14570493669,12.7623886957782,13.7801615186602,3.91674187517436,44.1904082889525,25
69.8,1354.14570493671,12.7623886957924,13.7801615186602,3.91674187516936,44.2168664247268,25
69.9,1354.14570493668,12.7623886958494,13.7801615186668,3.9167418751744,44.2433225263718,25
70,1354.2044409859,12.7741522290106,13.7919630209426,3.89939480676943,44.2698273105156,25
70.1,1354.14552135931,12.7623565881569,13.7801136537586,3.91675707680796,44.296275130059,25
70.2,1352.11095669308,12.5055335060059,13.4616535278394,4.27637721580024,44.322671809744,25
70.3,1354.14418575832,12.7624969645399,13.7804483399544,3.91724470803434,44.3492192075785,25
70.4,1354.14570750308,12.7623935374954,13.7801672264733,3.91673939251818,44.3756653680452,25
70.5,1354.06541475913,12.7529646928232,13.7707718697258,3.93504448277467,44.4021500974071,25
70.6,1354.14575033704,12.7624381475373,13.7802270162485,3.91673024036638,44.4285974750314,25
70.7,1354.14570448744,12.7623890304288,13.7801618787809,3.91674170624244,44.4550373062907,25
70.8,1354.14570492622,12.7623886968222,13.7801615195908,3.91674187533155,44.4814750971426,25
70.9,1354.1457049366,12.7623886958601,13.7801615186767,3.91674187517883,44.5079108553978,25
71,1354.14570493669,12.7623886958031,13.7801615186668,3.91674187517101,44.5343445812443,25
71.1,1354.1457049367,12.7623886957996,13.7801615186635,3.91674187516954,44.5607762748387,25
71.2,1352.11095734808,12.5055337148971,13.4616537672011,4.27637701293445,44.5871525676084,25
71.3,1354.14418575531,12.7624969647822,13.7804483400864,3.91724470791622,44.6136797279085,25
71.4,1354.14570750305,12.7623935374989,13.78016722647,3.91673939252075,44.6401055566014,25
71.5,1354.14570484401,12.7623887149303,13.7801615371568,3.91674186948606,44.666529119483,25
71.6,1354.14570493576,12.7623886959207,13.7801615187361,3.916741875213,44.6929506505966,25
71.7,1354.14570493666,12.7623886957675,13.7801615186734,3.91674187517439,44.7193701503914,25
71.8,1354.14570493669,12.7623886957924,13.7801615186536,3.91674187516976,44.7457876190275,25
71.9,1354.14570493667,12.762388695853,13.7801615186701,3.91674187517462,44.7722030566608,25
72,1354.14570493668,12.762388695796,13.7801615186701,3.91674187517126,44.7986164634478,25
72.1,1354.14570493669,12.7623886958067,13.7801615186668,3.91674187516972,44.8250278395446,25
72.2,1354.14570493666,12.7623886957639,13.7801615186701,3.91674187517422,44.8514371851074,25
72.3,1354.14570493669,12.7623886957996,13.7801615186602,3.91674187516996,44.8778445002918,25
72.4,1354.14570493666,12.7623886958601,13.7801615186701,3.91674187517466,44.9042497852546,25
72.5,1354.14570493668,12.7623886958067,13.7801615186635,3.91674187517126,44.9306530401516,25
72.6,1354.14570493669,12.7623886958067,13.7801615186734,3.91674187516971,44.9570542651387,25
72.7,1354.14570493666,12.7623886957568,13.7801615186635,3.91674187517427,44.9834534603722,25
72.8,1354.14570493668,12.7623886957996,13.7801615186701,3.91674187516997,45.009850626008,25
72.9,1354.14570493666,12.7623886958566,13.7801615186701,3.91674187517477,45.0362457622027,25
73,1354.14570493667,12.7623886958103,13.7801615186602,3.91674187517135,45.0626388691115,25
73.1,1354.14570493668,12.7623886958103,13.7801615186701,3.91674187516981,45.089029946891,25
73.2,1354.14570493665,12.7623886957604,13.7801615186668,3.91674187517432,45.1154189956966,25
73.3,1354.14570493668,12.7623886958031,13.7801615186767,3.91674187517011,45.1418060156851,25
73.4,1354.14570493666,12.7623886958601,13.7801615186668,3.91674187517494,45.1681910070114,25
73.5,1354.14570493667,12.7623886958103,13.7801615186668,3.91674187517151,45.1945739698329,25
73.6,1354.14570493668,12.7623886958103,13.7801615186767,3.91674187517015,45.2209549043045,25
73.7,1354.14570493665,12.7623886957639,13.7801615186734,3.91674187517446,45.2473338105822,25
73.8,1354.14570493668,12.7623886957996,13.7801615186734,3.91674187517022,45.2737106888225,25
73.9,1354.14570493665,12.762388695853,13.7801615186668,3.91674187517508,45.3000855391806,25
74,1354.14570493666,12.7623886958138,13.7801615186668,3.91674187517176,45.3264583618128,25
74.1,1354.14570493667,12.7623886958103,13.7801615186833,3.91674187517023,45.3528291568748,25
74.2,1354.14570493664,12.7623886957639,13.7801615186734,3.91674187517472,45.3791979245226,25
74.3,1354.14570493667,12.762388695796,13.7801615186734,3.91674187517037,45.4055646649124,25
74.4,1354.14570493665,12.7623886958459,13.7801615186635,3.91674187517522,45.4319293781997,25
74.5,1354.14570493666,12.7623886958138,13.7801615186635,3.91674187517172,45.4582920645403,25
74.6,1354.14570493667,12.7623886958067,13.7801615186899,3.91674187517027,45.4846527240903,25
74.7,1354.14570493664,12.7623886957604,13.78016151868,3.91674187517468,45.5110113570048,25
74.8,1354.14570493667,12.7623886958031,13.7801615186767,3.91674187517041,45.5373679634406,25
74.9,1354.14570493664,12.7623886958494,13.7801615186635,3.91674187517541,45.563722543553,25
75,1354.14570493666,12.7623886958103,13.7801615186602,3.91674187517186,45.5900750974974,25
75.1,1354.14570493667,12.7623886958103,13.7801615186899,3.91674187517036,45.6164256254306,25
75.2,1354.14570493664,12.7623886957568,13.78016151868,3.91674187517488,45.6427741275077,25
75.3,1354.14570493666,12.7623886958031,13.7801615186767,3.91674187517063,45.6691206038842,25
75.4,1354.14570493664,12.7623886958388,13.7801615186602,3.91674187517534,45.6954650547169,25
75.5,1354.14570493665,12.7623886958138,13.7801615186602,3.91674187517198,45.7218074801603,25
75.6,1354.14570493666,12.7623886958174,13.7801615186899,3.91674187517045,45.7481478803712,25
75.7,1354.14570493663,12.7623886957568,13.7801615186767,3.916741875175,45.7744862555045,25
75.8,1354.14570493666,12.7623886958067,13.7801615186734,3.9167418751705,45.8008226057155,25
75.9,1354.14570493664,12.7623886958352,13.7801615186602,3.91674187517558,45.827156931161,25
76,1354.14570493665,12.7623886958174,13.7801615186569,3.91674187517214,45.8534892319957,25
76.1,1354.14570493666,12.7623886958174,13.7801615186833,3.91674187517033,45.8798195083758,25
76.2,1354.14570493663,12.7623886957568,13.7801615186767,3.91674187517508,45.9061477604571,25
76.3,1354.14570493666,12.7623886958031,13.7801615186701,3.91674187517071,45.9324739883947,25
76.4,1354.14570493663,12.7623886958316,13.7801615186635,3.91674187517564,45.9587981923448,25
76.5,1354.14570493664,12.7623886958174,13.7801615186602,3.9167418751722,45.9851203724628,25
76.6,1354.14570493666,12.7623886958103,13.78016151868,3.91674187517047,46.0114405289037,25
76.7,1354.14570493663,12.7623886957604,13.7801615186767,3.91674187517514,46.0377586618237,25
76.8,1354.14570493665,12.7623886957996,13.7801615186734,3.91674187517074,46.0640747713781,25
76.9,1354.14570493663,12.7623886958281,13.7801615186635,3.9167418751758,46.0903888577229,25
77,1354.14570493664,12.7623886958245,13.7801615186602,3.91674187517222,46.1167009210135,25
77.1,1354.14570493665,12.7623886958138,13.78016151868,3.91674187517064,46.1430109614048,25
77.2,1354.14570493663,12.7623886957568,13.7801615186833,3.91674187517442,46.1693189790532,25
77.3,1354.14570493665,12.762388695796,13.7801615186767,3.91674187517092,46.1956249741135,25
77.4,1354.14570493662,12.7623886958174,13.7801615186668,3.91674187517593,46.2219289467419,25
77.5,1354.14570493664,12.7623886958209,13.7801615186503,3.91674187517242,46.2482308970933,25
77.6,1354.14570493665,12.7623886958209,13.78016151868,3.91674187517078,46.2745308253234,25
77.7,1354.14570493662,12.7623886957639,13.7801615186833,3.91674187517474,46.3008287315877,25
77.8,1354.14570493665,12.7623886957996,13.7801615186767,3.916741875171,46.3271246160417,25
77.9,1354.14570493662,12.7623886958138,13.7801615186635,3.91674187517602,46.3534184788404,25
78,1354.14570493663,12.7623886958281,13.7801615186503,3.91674187517245,46.3797103201397,25
78.1,1354.14570493664,12.7623886958209,13.78016151868,3.91674187517096,46.4060001400948,25
78.2,1354.14570493662,12.7623886957746,13.7801615186833,3.91674187517481,46.4322879388615,25
78.3,1354.14570493664,12.7623886957924,13.78016151868,3.9167418751711,46.4585737165945,25
78.4,1354.14570493662,12.7623886958138,13.7801615186668,3.91674187517605,46.4848574734499,25
78.5,1354.14570493663,12.7623886958245,13.780161518647,3.91674187517269,46.5111392095827,25
78.6,1354.14570493664,12.7623886958174,13.7801615186833,3.91674187517117,46.5374189251478,25
78.7,1354.14570493662,12.7623886957746,13.7801615186899,3.9167418751748,46.5636966203011,25
78.8,1354.14570493664,12.7623886957996,13.7801615186833,3.9167418751712,46.5899722951983,25
78.9,1354.14570493661,12.7623886958103,13.7801615186635,3.91674187517608,46.616245949994,25
79,1354.14570493662,12.7623886958281,13.7801615186503,3.91674187517278,46.642517584844,25
79.1,1354.14570493664,12.7623886958174,13.78016151868,3.91674187517114,46.6687871999033,25
79.2,1354.14570493661,12.7623886957746,13.7801615186899,3.91674187517491,46.6950547953271,25
79.3,1354.14570493663,12.7623886958031,13.7801615186866,3.91674187517147,46.7213203712714,25
79.4,1354.14570493661,12.7623886958067,13.7801615186635,3.91674187517624,46.7475839278902,25
79.5,1354.14570493662,12.7623886958281,13.780161518647,3.91674187517266,46.7738454653394,25
79.6,1354.14570493663,12.7623886958103,13.78016151868,3.91674187517127,46.8001049837744,25
79.7,1354.14570493661,12.7623886957782,13.7801615186965,3.91674187517489,46.8263624833503,25
79.8,1354.14570493663,12.7623886958031,13.7801615186866,3.91674187517148,46.8526179642221,25
79.9,1354.14570493661,12.7623886957996,13.7801615186602,3.91674187517636,46.8788714265454,25
80,1354.14570493662,12.7623886958281,13.7801615186503,3.91674187517271,46.9051228704751,25
80.1,1354.14570493663,12.7623886958103,13.7801615186833,3.91674187517137,46.9313722961663,25
80.2,1354.14570493661,12.7623886957817,13.7801615186965,3.9167418751748,46.9576197037744,25
80.3,1354.14570493663,12.7623886958067,13.7801615186833,3.91674187517149,46.9838650934546,25
80.4,1354.1457049366,12.762388695796,13.7801615186668,3.91674187517648,47.0101084653618,25
80.5,1354.14570493661,12.7623886958281,13.7801615186602,3.91674187517289,47.0363498196515,25
80.6,1354.14570493662,12.7623886958174,13.7801615186833,3.91674187517152,47.0625891564784,25
80.7,1354.1457049366,12.7623886957817,13.7801615186932,3.91674187517498,47.0888264759976,25
80.8,1354.14570493662,12.7623886958103,13.7801615186833,3.91674187517158,47.1150617783647,25
80.9,1354.1457049366,12.7623886957924,13.7801615186635,3.91674187517664,47.1412950637346,25
81,1354.14570493661,12.7623886958352,13.7801615186602,3.9167418751729,47.167526332262,25
81.1,1354.14570493662,12.7623886958209,13.7801615186866,3.91674187517164,47.1937555841022,25
81.2,1354.1457049366,12.7623886957853,13.7801615186932,3.91674187517512,47.2199828194102,25
81.3,1354.14570493662,12.7623886958031,13.7801615186701,3.91674187517173,47.2462080383409,25
81.4,1354.17356792775,12.7697306393333,13.790318656628,3.91330240362985,47.2724779087312,25
81.5,1354.14573171431,12.7624334770973,13.7802101274044,3.91670913375766,47.2986992750676,25
81.6,1354.17987064978,12.7717464572015,13.8233349923448,3.98118860655934,47.3249397447762,25
81.7,1354.14754319279,12.7630890664559,13.7810063468258,3.91623891461543,47.3511824848695,25
81.8,1354.14569735373,12.7623908893986,13.7801635813045,3.91674068965929,47.3773975842147,25
81.9,1354.17356783271,12.7697306421964,13.7903186574952,3.91330240907282,47.4036573909873,25
82,1354.1457317138,12.7624334771436,13.7802101274209,3.91670913379591,47.4298686722002,25
82.1,1354.14570383566,12.7623887823992,13.780161580453,3.91674188632037,47.4560777540819,25
82.2,1354.14570492885,12.7623886960775,13.780161518911,3.91674187574425,47.4822848218331,25
82.3,1354.14570493657,12.762388695796,13.78016151868,3.91674187517412,47.5084898747133,25
82.4,1354.10602121316,12.7567725166084,13.7717840095923,3.9203612422784,47.5347394406092,25
82.5,1354.14558953965,12.7623539717292,13.7801228007679,3.9167770179292,47.5609409872486,25
82.6,1354.17987207553,12.7717463593605,13.8233349427459,3.98118861959136,47.5871613223143,25
82.7,1354.14754320337,12.7630890665058,13.7810063469776,3.91623891365312,47.6133839267392,25
82.8,1354.14569735377,12.7623908893986,13.7801635813078,3.91674068965616,47.6395788677329,25
82.9,1354.1457048351,12.7623886992416,13.7801615202475,3.91674188101098,47.6657718279438,25
83,1354.14570493605,12.7623886959029,13.7801615187097,3.91674187521217,47.6919627741562,25
83.1,1354.14570493659,12.7623886958103,13.78016151868,3.91674187517273,47.7181517067768,25
83.2,1354.14570493658,12.7623886957996,13.7801615186965,3.91674187517551,47.7443386259648,25
83.3,1354.1457049366,12.7623886957996,13.7801615186767,3.91674187517201,47.7705235318756,25
83.4,1354.14570493658,12.7623886958031,13.7801615186569,3.91674187517715,47.7967064246634,25
83.5,1354.14570493659,12.7623886958245,13.7801615186536,3.91674187517345,47.8228873044833,25
83.6,1354.1457049366,12.7623886958103,13.7801615186734,3.91674187517266,47.8490661714896,25
83.7,1354.14570493658,12.7623886957996,13.7801615186899,3.91674187517568,47.8752430258376,25
83.8,1354.1457049366,12.762388695796,13.7801615186767,3.91674187517223,47.9014178676816,25
83.9,1354.14570493657,12.7623886958103,13.7801615186569,3.91674187517725,47.9275906971767,25
84,1354.14570493659,12.7623886958281,13.7801615186569,3.91674187517348,47.9537615144777,25
84.1,1354.14570493659,12.7623886958031,13.7801615186767,3.91674187517287,47.9799303197385,25
84.2,1354.14570493658,12.7623886958031,13.7801615186965,3.91674187517574,48.0060971131142,25
84.3,1354.14570493659,12.7623886957889,13.7801615186767,3.9167418751724,48.0322618947599,25
84.4,1354.14570493657,12.7623886958067,13.7801615186536,3.91674187517747,48.0584246648298,25
84.5,1354.14570493658,12.7623886958281,13.7801615186635,3.91674187517361,48.0845854234788,25
84.6,1354.14570493659,12.7623886958067,13.7801615186767,3.91674187517306,48.1107441708615,25
84.7,1354.14570493657,12.7623886958031,13.7801615186965,3.91674187517595,48.1369009071324,25
84.8,1354.14570493659,12.7623886957853,13.7801615186701,3.91674187517242,48.1630556324466,25
84.9,1354.14570493656,12.7623886958103,13.7801615186536,3.91674187517749,48.189208346958,25
85,1354.14570493658,12.7623886958316,13.7801615186668,3.91674187517374,48.2153590508217,25
85.1,1354.14570493658,12.7623886958138,13.7801615186833,3.91674187517316,48.2415077441918,25
85.2,1354.14570493657,12.7623886957996,13.7801615186965,3.91674187517595,48.2676544272227,25
85.3,1354.14570493659,12.7623886957782,13.7801615186602,3.91674187517255,48.2937991000695,25
85.4,1354.14570493656,12.7623886958138,13.7801615186338,3.9167418751776,48.3199417628871,25
85.5,1354.14570493657,12.7623886958281,13.7801615186536,3.91674187517376,48.3460824158292,25
85.6,1354.14570493658,12.7623886958209,13.7801615185414,3.91674187517328,48.3722210590509,25
85.7,1354.14570493657,12.7623886958031,13.7801615186338,3.916741875176,48.3983576927061,25
85.8,1354.14570493658,12.7623886957746,13.7801615186668,3.91674187517271,48.4244923169499,25
85.9,1354.14570493656,12.7623886958138,13.7801615186206,3.9167418751778,48.4506249319369,25
86,1354.14570493657,12.7623886958281,13.7801615186602,3.91674187517401,48.4767555378213,25
86.1,1354.14570493657,12.7623886958245,13.7801615185546,3.91674187517342,48.5028841347572,25
86.2,1354.14570493656,12.7623886958031,13.7801615186404,3.91674187517613,48.5290107228993,25
86.3,1354.14570493658,12.7623886957711,13.78016151868,3.91674187517289,48.5551353024023,25
86.4,1354.14570493655,12.7623886958138,13.7801615186338,3.91674187517787,48.5812578734205,25
86.5,1354.14570493657,12.7623886958245,13.7801615186602,3.91674187517416,48.6073784361081,25
86.6,1354.14570493657,12.7623886958245,13.7801615185678,3.91674187517357,48.6334969906197,25
86.7,1354.14570493656,12.762388695796,13.7801615186404,3.91674187517632,48.6596135371095,25
86.8,1354.14570493657,12.7623886957639,13.7801615186734,3.91674187517292,48.6857280757321,25
86.9,1354.14570493655,12.7623886958138,13.7801615186272,3.9167418751779,48.7118406066415,25
87,1354.14570493656,12.7623886958245,13.7801615186668,3.91674187517435,48.7379511299925,25
87.1,1354.14570493657,12.7623886958245,13.7801615185744,3.91674187517364,48.7640596459393,25
87.2,1354.14570493655,12.7623886957924,13.7801615186338,3.9167418751764,48.7901661546365,25
87.3,1354.14570493657,12.7623886957675,13.7801615186668,3.91674187517304,48.8162706562379,25
87.4,1354.14570493655,12.7623886958174,13.780161518614,3.91674187517797,48.8423731508977,25
87.5,1354.14570493656,12.7623886958316,13.7801615186536,3.91674187517419,48.8684736387712,25
87.6,1354.14570493656,12.7623886958209,13.7801615185876,3.91674187517374,48.8945721200118,25
87.7,1354.14570493655,12.7623886957996,13.7801615186338,3.91674187517644,48.920668594774,25
87.8,1354.14570493657,12.7623886957675,13.7801615186668,3.91674187517331,48.9467630632122,25
87.9,1354.14570493654,12.7623886958245,13.7801615186404,3.91674187517818,48.9728555254805,25
88,1354.14570493655,12.7623886958316,13.7801615186536,3.91674187517452,48.9989459817331,25
88.1,1354.14570493656,12.7623886958245,13.7801615185942,3.91674187517398,49.0250344321242,25
88.2,1354.14570493654,12.762388695796,13.7801615186338,3.91674187517674,49.0511208768078,25
88.3,1354.14570493656,12.7623886957711,13.7801615186536,3.91674187517324,49.0772053159382,25
88.4,1354.14570493654,12.7623886958245,13.7801615186404,3.91674187517814,49.1032877496699,25
88.5,1354.14570493655,12.7623886958281,13.7801615186602,3.91674187517455,49.1293681781576,25
88.6,1354.14570493655,12.7623886958281,13.7801615185942,3.91674187517396,49.1554466015544,25
88.7,1354.14570493654,12.7623886957853,13.7801615186404,3.91674187517677,49.1815230200152,25
88.8,1354.14570493656,12.7623886957746,13.7801615186536,3.91674187517326,49.2075974336935,25
88.9,1354.14570493653,12.7623886958138,13.7801615186338,3.91674187517821,49.2336698427436,25
89,1354.14570493655,12.7623886958245,13.7801615186734,3.91674187517468,49.25974024732,25
89.1,1354.14570493655,12.7623886958316,13.7801615185942,3.91674187517366,49.2858086475767,25
89.2,1354.14570493654,12.7623886957853,13.7801615186272,3.91674187517692,49.3118750436676,25
89.3,1354.14570493655,12.7623886957746,13.7801615186536,3.91674187517339,49.3379394357463,25
89.4,1354.14570493653,12.7623886958138,13.7801615186272,3.91674187517849,49.3640018239677,25
89.5,1354.14570493654,12.7623886958209,13.7801615186668,3.91674187517471,49.3900622084857,25
89.6,1354.14570493655,12.7623886958352,13.7801615186008,3.91674187517366,49.4161205894541,25
89.7,1354.14570493653,12.7623886957853,13.7801615186272,3.91674187517681,49.4421769670271,25
89.8,1354.14570493655,12.7623886957853,13.780161518647,3.91674187517357,49.4682313413593,25
89.9,1354.14570493653,12.7623886958138,13.7801615186206,3.91674187517847,49.4942837126035,25
90,1354.14570493654,12.7623886958209,13.7801615186536,3.91674187517491,49.5203340809143,25
90.1,1354.14570493654,12.7623886958352,13.7801615185942,3.9167418751738,49.5463824464457,25
90.2,1354.14570493653,12.762388695796,13.780161518614,3.91674187517714,49.5724288093516,25
90.3,1354.14570493655,12.7623886957817,13.780161518647,3.91674187517365,49.5984731697858,25
90.4,1354.14570493652,12.7623886958138,13.7801615186074,3.91674187517853,49.6245155279025,25
90.5,1354.14570493654,12.7623886958245,13.7801615186668,3.91674187517491,49.650555883856,25
90.6,1354.14570493654,12.7623886958423,13.7801615186074,3.91674187517393,49.6765942377994,25
90.7,1354.14570493652,12.7623886957924,13.7801615186074,3.91674187517727,49.7026305898871,25
90.8,1354.14570493654,12.7623886957782,13.7801615186404,3.91674187517363,49.7286649402729,25
90.9,1354.14570493652,12.7623886958174,13.7801615186206,3.91674187517855,49.7546972891112,25
91,1354.14570493653,12.7623886958245,13.780161518647,3.91674187517487,49.780727636555,25
91.1,1354.14570493654,12.7623886958459,13.7801615185942,3.91674187517393,49.8067559827587,25
91.2,1354.14570493652,12.762388695796,13.7801615186206,3.91674187517727,49.832782327876,25
91.3,1354.14570493654,12.7623886957782,13.7801615186338,3.91674187517395,49.8588066720609,25
91.4,1354.14570493651,12.7623886958103,13.780161518614,3.9167418751787,49.8848290154673,25
91.5,1354.14570493653,12.7623886958245,13.7801615186536,3.91674187517504,49.9108493582485,25
91.6,1354.14570493653,12.7623886958423,13.7801615186074,3.91674187517401,49.9368677005589,25
91.7,1354.14570493651,12.7623886957924,13.7801615186272,3.91674187517747,49.9628840425519,25
91.8,1354.14570493654,12.7623886957782,13.7801615186206,3.91674187517387,49.9888983843814,25
91.9,1354.14570493651,12.7623886958103,13.7801615186008,3.91674187517876,50.0149107262012,25
92,1354.14570493652,12.7623886958245,13.7801615186404,3.91674187517516,50.0409210681651,25
92.1,1354.14570493653,12.7623886958459,13.780161518614,3.91674187517416,50.0669294104268,25
92.2,1354.14570493651,12.7623886957996,13.7801615186272,3.91674187517766,50.0929357531399,25
92.3,1354.14570493653,12.7623886957853,13.7801615186338,3.91674187517404,50.1189400964585,25
92.4,1354.14570493651,12.7623886958067,13.780161518614,3.91674187517873,50.1449424405359,25
92.5,1354.14570493652,12.7623886958281,13.7801615186338,3.91674187517542,50.1709427855262,25
92.6,1354.14570493653,12.7623886958459,13.7801615186074,3.9167418751743,50.1969411315829,25
92.7,1354.14570493651,12.7623886957996,13.780161518614,3.91674187517765,50.2229374788597,25
92.8,1354.14570493653,12.7623886957924,13.7801615186272,3.91674187517419,50.2489318275104,25
92.9,1354.1457049365,12.7623886958103,13.7801615186206,3.91674187517906,50.2749241776886,25
93,1354.14570493652,12.7623886958316,13.7801615186206,3.91674187517545,50.3009145295479,25
93.1,1354.14570493652,12.7623886958459,13.7801615186008,3.91674187517433,50.3269028832419,25
93.2,1354.1457049365,12.7623886958067,13.7801615186338,3.91674187517774,50.3528892389242,25
93.3,1354.14570493652,12.7623886957924,13.7801615186272,3.91674187517421,50.3788735967479,25
93.4,1354.1457049365,12.7623886958031,13.7801615186074,3.91674187517911,50.4048559568675,25
93.5,1354.14570493651,12.7623886958352,13.780161518647,3.91674187517557,50.430836319436,25
93.6,1354.14570493652,12.7623886958494,13.780161518614,3.91674187517433,50.4568146846073,25
93.7,1354.1457049365,12.7623886957996,13.7801615186404,3.91674187517791,50.4827910525354,25
93.8,1354.15895466551,12.7688320062029,13.787154431788,3.91083302518771,50.508813533465,25
93.9,1354.14557635743,12.762394875203,13.78016325128,3.91674304068158,50.5347851867795,25
94,1354.58870338129,12.8720743864638,13.9134063024173,3.82120204565153,50.560816850858,25
94.1,1354.14509570564,12.7626548671454,13.7803990229523,3.91652972619212,50.5867713458283,25
94.2,1354.14569283619,12.7623886384287,13.7801611484315,3.91674276338103,50.6127377241165,25
94.3,1354.15895461285,12.7688320070149,13.7871544322233,3.91083303047746,50.6387502374438,25
94.4,1354.14557635722,12.7623948752458,13.7801632512998,3.91674304069013,50.6647119007597,25
94.5,1354.14570406298,12.7623886910605,13.7801614998633,3.91674195901293,50.6906722895396,25
94.6,1354.14570493304,12.762388696163,13.780161518878,3.91674187542305,50.7166306782958,25
94.7,1354.14570493647,12.7623886958067,13.7801615186404,3.91674187517836,50.7425870712997,25
94.8,1354.1589546655,12.7688320061994,13.7871544318012,3.91083302518793,50.7685896234883,25
94.9,1354.14557635742,12.762394875203,13.78016325128,3.91674304068179,50.7945413042818,25
95,1354.14570406297,12.7623886910534,13.7801614998831,3.91674195901305,50.820491711644,25
95.1,1354.14570493303,12.7623886961594,13.7801615188714,3.91674187542311,50.8464401197477,25
95.2,1354.14570493647,12.7623886958067,13.7801615186338,3.91674187517839,50.8723865328667,25
95.3,1354.14570493651,12.7623886957996,13.7801615186668,3.91674187517463,50.8983309511982,25
95.4,1354.14570493648,12.762388695796,13.7801615186338,3.91674187517938,50.9242733748954,25
95.5,1354.14570493649,12.7623886958209,13.780161518647,3.91674187517652,50.9502138041128,25
95.6,1354.1457049365,12.7623886958316,13.7801615186338,3.91674187517492,50.9761522390024,25
95.7,1354.14570493648,12.7623886958103,13.7801615186338,3.9167418751784,51.0020886797179,25
95.8,1354.1457049365,12.762388695796,13.7801615186734,3.91674187517473,51.0280231264132,25
95.9,1354.14570493648,12.762388695796,13.7801615186272,3.91674187517952,51.0539555792414,25
96,1354.14570493649,12.7623886958138,13.7801615186338,3.9167418751764,51.0798860383556,25
96.1,1354.1457049365,12.7623886958352,13.7801615186206,3.91674187517497,51.1058145039091,25
96.2,1354.14570493648,12.7623886958067,13.7801615186272,3.9167418751783,51.1317409760553,25
96.3,1354.1457049365,12.762388695796,13.7801615186668,3.91674187517481,51.1576654549473,25
96.4,1354.14570493648,12.7623886957853,13.7801615186206,3.91674187517963,51.1835879407381,25
96.5,1354.14570493649,12.7623886958031,13.7801615186404,3.91674187517664,51.2095084335813,25
96.6,1354.14570493649,12.7623886958281,13.7801615186074,3.91674187517511,51.2354269336302,25
96.7,1354.14570493648,12.7623886958103,13.780161518614,3.91674187517829,51.2613434410376,25
96.8,1354.1457049365,12.7623886957996,13.7801615186668,3.91674187517494,51.2872579559572,25
96.9,1354.14570493647,12.7623886957889,13.7801615186206,3.91674187517966,51.3131704785411,25
97,1354.14570493648,12.762388695796,13.7801615186404,3.91674187517668,51.3390810089437,25
97.1,1354.14570493649,12.7623886958316,13.7801615186008,3.91674187517516,51.3649895473184,25
97.2,1354.14570493647,12.7623886958103,13.7801615186272,3.9167418751785,51.3908960938171,25
97.3,1354.14570493649,12.762388695796,13.7801615186734,3.91674187517499,51.4168006485941,25
97.4,1354.14570493647,12.7623886957853,13.7801615186272,3.91674187517982,51.4427032118014,25
97.5,1354.14570493648,12.762388695796,13.7801615186272,3.91674187517687,51.4686037835929,25
97.6,1354.14570493649,12.7623886958281,13.7801615185744,3.91674187517526,51.4945023641212,25
97.7,1354.14570493647,12.7623886958067,13.7801615186206,3.91674187517855,51.5203989535397,25
97.8,1354.14570493649,12.762388695796,13.7801615186668,3.91674187517504,51.5462935520015,25
97.9,1354.14570493647,12.7623886957924,13.780161518614,3.9167418751799,51.5721861596598,25
98,1354.14570493648,12.7623886957924,13.7801615186404,3.91674187517687,51.5980767766671,25
98.1,1354.14570493648,12.7623886958281,13.7801615185942,3.91674187517545,51.6239654031774,25
98.2,1354.14570493647,12.7623886958138,13.7801615186074,3.91674187517854,51.6498520393429,25
98.3,1354.14570493649,12.7623886957924,13.7801615186734,3.91674187517528,51.6757366853171,25
98.4,1354.14570493646,12.7623886957996,13.780161518614,3.91674187518009,51.7016193412526,25
98.5,1354.14570493647,12.7623886957889,13.780161518647,3.91674187517694,51.7275000073025,25
98.6,1354.14570493648,12.7623886958281,13.7801615185942,3.91674187517539,51.75337868362,25
98.7,1354.14570493646,12.7623886958138,13.7801615185876,3.91674187517873,51.779255370358,25
98.8,1354.14570493648,12.762388695796,13.7801615186668,3.91674187517522,51.8051300676693,25
98.9,1354.14570493646,12.7623886957996,13.780161518614,3.91674187518012,51.8310027757066,25
99,1354.14570493647,12.7623886957889,13.7801615186602,3.91674187517713,51.8568734946233,25
99.1,1354.14570493648,12.7623886958388,13.7801615185942,3.91674187517556,51.8827422245721,25
99.2,1354.14570493646,12.7623886958174,13.7801615185876,3.91674187517886,51.9086089657062,25
99.3,1354.14570493648,12.762388695796,13.78016151868,3.91674187517538,51.9344737181779,25
99.4,1354.14570493645,12.7623886958031,13.780161518614,3.91674187518038,51.9603364821411,25
99.5,1354.14570493647,12.7623886957889,13.7801615186602,3.91674187517709,51.986197257748,25
99.6,1354.14570493647,12.7623886958388,13.7801615185942,3.91674187517556,52.0120560451519,25
99.7,1354.14570493645,12.7623886958174,13.7801615185942,3.91674187517886,52.0379128445048,25
99.8,1354.14570493647,12.762388695796,13.7801615186734,3.91674187517557,52.0637676559601,25
99.9,1354.14570493645,12.7623886958031,13.7801615186008,3.91674187518044,52.0896204796706,25
100,1354.14570493646,12.7623886956357,13.7801615186536,3.91674187517725,52.1154713157889,25
